rank,title,author,author_gender,vote_count,handcoded_score,protagonist_gender,setting,violence,tag_score,keyword_m_hits,keyword_f_hits,keyword_raw_diff,keyword_norm
1,Middlemarch,George Eliot,F,56,1,mixed,mixed,none,0,1,2,1,0.009259259259259259
2,Beloved,Toni Morrison,F,43,2,F,domestic,high,2,7,3,-4,-0.039603960396039604
3,Ulysses,James Joyce,M,36,-1,M,public,none,-3,0,0,0,0.0
4,To the Lighthouse,Virginia Woolf,F,31,3,F,domestic,none,3,2,2,0,0.0
5,In Search of Lost Time,Marcel Proust,M,27,0,M,mixed,none,-2,0,0,0,0.0
6,Anna Karenina,Leo Tolstoy,M,26,2,mixed,mixed,some,0,0,5,5,0.06756756756756757
7,War and Peace,Leo Tolstoy,M,20,-2,mixed,public,high,-2,2,1,-1,-0.015625
8,Jane Eyre,Charlotte Brontë,F,21,3,F,domestic,some,3,0,6,6,0.11320754716981132
9,Pride and Prejudice,Jane Austen,F,20,3,F,domestic,none,3,0,0,0,0.0
10,Madame Bovary,Gustave Flaubert,M,19,2,F,mixed,none,2,0,3,3,0.045454545454545456
11,The Great Gatsby,F Scott Fitzgerald,M,20,-1,M,public,some,-3,4,0,-4,-0.08163265306122448
12,Bleak House,Charles Dickens,M,19,0,mixed,mixed,some,0,0,0,0,0.0
13,Emma,Jane Austen,F,18,3,F,domestic,none,3,0,0,0,0.0
14,Mrs Dalloway,Virginia Woolf,F,18,2,F,mixed,some,2,2,4,2,0.030303030303030304
15,Moby-Dick,Herman Melville,M,18,-3,M,public,high,-4,4,0,-4,-0.05714285714285714
16,Nineteen Eighty-Four,George Orwell,M,19,-2,M,public,high,-4,2,0,-2,-0.028985507246376812
17,One Hundred Years of Solitude,Gabriel García Márquez,M,18,0,mixed,mixed,some,0,3,1,-2,-0.020833333333333332
18,Persuasion,Jane Austen,F,17,3,F,domestic,none,3,0,2,2,0.02702702702702703
19,"The Life and Opinions of Tristram Shandy, Gentleman",Laurence Sterne,M,17,-1,M,mixed,none,-2,0,0,0,0.0
20,Wuthering Heights,Emily Brontë,F,15,1,mixed,domestic,some,1,0,0,0,0.0
21,The Portrait of a Lady,Henry James,M,16,2,F,domestic,none,3,0,3,3,0.04918032786885246
22,Things Fall Apart,Chinua Achebe,M,14,-2,M,public,high,-4,2,0,-2,-0.03125
23,Midnight's Children,Salman Rushdie,M,13,-1,M,public,some,-3,0,0,0,0.0
24,The Remains of the Day,Kazuo Ishiguro,M,13,-1,M,public,none,-3,0,1,1,0.012987012987012988
25,Lolita,Vladimir Nabokov,M,13,-1,M,mixed,some,-2,1,0,-1,-0.008928571428571428
26,Don Quixote,Miguel de Cervantes,M,11,-2,M,public,some,-3,1,2,1,0.011111111111111112
27,The Trial,Franz Kafka,M,11,-1,M,public,some,-3,2,0,-2,-0.03571428571428571
28,The Brothers Karamazov,Fyodor Dostoevsky,M,10,-2,M,mixed,high,-3,3,0,-3,-0.05084745762711865
29,Pale Fire,Vladimir Nabokov,M,10,-1,M,public,some,-3,0,0,0,0.0
30,Frankenstein,Mary Shelley,F,10,-1,M,mixed,high,-3,0,0,0,0.0
31,The Prime of Miss Jean Brodie,Muriel Spark,F,10,3,F,domestic,none,3,0,2,2,0.029850746268656716
32,The God of Small Things,Arundhati Roy,F,10,2,mixed,domestic,some,1,0,3,3,0.043478260869565216
33,David Copperfield,Charles Dickens,M,10,-1,M,mixed,some,-2,0,0,0,0.0
34,Wolf Hall,Hilary Mantel,F,10,-1,M,public,some,-3,0,1,1,0.017543859649122806
35,Great Expectations,Charles Dickens,M,9,-1,M,mixed,some,-2,1,3,2,0.023529411764705882
36,The Handmaid's Tale,Margaret Atwood,F,9,3,F,domestic,high,2,1,1,0,0.0
37,Invisible Man,Ralph Ellison,M,9,-1,M,public,some,-3,2,0,-2,-0.024096385542168676
38,The Age of Innocence,Edith Wharton,F,9,1,mixed,domestic,none,1,0,1,1,0.013157894736842105
39,Their Eyes Were Watching God,Zora Neale Hurston,F,8,2,F,domestic,some,3,0,1,1,0.015873015873015872
40,Song of Solomon,Toni Morrison,F,7,-1,M,mixed,some,-2,0,0,0,0.0
41,Heart of Darkness,Joseph Conrad,M,7,-2,M,public,high,-4,2,0,-2,-0.02197802197802198
42,The Magic Mountain,Thomas Mann,M,7,-1,M,public,none,-3,3,0,-3,-0.03488372093023256
43,Housekeeping,Marilynne Robinson,F,7,2,F,domestic,none,3,0,3,3,0.03296703296703297
44,Giovanni's Room,James Baldwin,M,7,-1,M,mixed,some,-2,0,0,0,0.0
45,The Golden Notebook,Doris Lessing,F,7,2,F,mixed,none,2,3,1,-2,-0.02666666666666667
46,The Leopard,Giuseppe Tomasi di Lampedusa,M,6,-1,M,public,some,-3,1,0,-1,-0.01098901098901099
47,Vanity Fair,William Makepeace Thackeray,M,6,1,mixed,mixed,some,0,0,0,0,0.0
48,The Metamorphosis,Franz Kafka,M,6,-1,M,domestic,none,-1,0,0,0,0.0
49,A Fine Balance,Rohinton Mistry,M,6,0,mixed,mixed,high,-1,1,2,1,0.011764705882352941
50,Wide Sargasso Sea,Jean Rhys,F,6,2,F,domestic,some,3,0,0,0,0.0
51,My Brilliant Friend,Elena Ferrante,F,6,3,F,domestic,some,3,1,2,1,0.014285714285714285
52,The Golden Bowl,Henry James,M,5,1,mixed,domestic,none,1,0,2,2,0.029411764705882353
53,The Transit of Venus,Shirley Hazzard,F,6,2,F,mixed,none,2,0,2,2,0.02857142857142857
54,Orlando,Virginia Woolf,F,5,1,mixed,mixed,none,0,1,3,2,0.0273972602739726
55,The Waves,Virginia Woolf,F,5,0,mixed,mixed,none,0,0,0,0,0.0
56,Mansfield Park,Jane Austen,F,5,3,F,domestic,none,3,1,0,-1,-0.014492753623188406
57,The Sound and the Fury,William Faulkner,M,5,-1,mixed,domestic,some,1,1,2,1,0.012658227848101266
58,Disgrace,JM Coetzee,M,5,-2,M,public,high,-4,2,0,-2,-0.031746031746031744
59,Never Let Me Go,Kazuo Ishiguro,M,5,1,F,mixed,some,2,0,0,0,0.0
60,Howards End,EM Forster,M,5,1,mixed,domestic,none,1,0,0,0,0.0
61,The Rings of Saturn,WG Sebald,M,5,-1,M,public,none,-3,0,0,0,0.0
62,Half of a Yellow Sun,Chimamanda Ngozi Adichie,F,5,0,mixed,mixed,high,-1,7,1,-6,-0.1111111111111111
63,White Teeth,Zadie Smith,F,5,0,mixed,mixed,some,0,2,0,-2,-0.024096385542168676
64,The Good Soldier,Ford Madox Ford,M,5,-1,M,mixed,some,-2,2,1,-1,-0.013888888888888888
65,The Color Purple,Alice Walker,F,4,3,F,domestic,high,2,0,4,4,0.06153846153846154
66,The Master and Margarita,Mikhail Bulgakov,M,5,0,mixed,mixed,some,0,0,0,0,0.0
67,The Man Without Qualities,Robert Musil,M,4,-2,M,public,none,-3,1,0,-1,-0.014925373134328358
68,Blood Meridian,Cormac McCarthy,M,4,-3,M,public,high,-4,1,0,-1,-0.015384615384615385
69,Crime and Punishment,Fyodor Dostoevsky,M,4,-2,M,public,high,-4,2,2,0,0.0
70,Jude the Obscure,Thomas Hardy,M,4,1,mixed,mixed,some,0,1,3,2,0.029411764705882353
71,Kindred,Octavia E Butler,F,4,2,F,mixed,high,1,2,1,-1,-0.01282051282051282
72,Our Mutual Friend,Charles Dickens,M,4,0,mixed,mixed,some,0,0,0,0,0.0
73,Austerlitz,WG Sebald,M,4,-1,M,public,some,-3,0,0,0,0.0
74,Nervous Conditions,Tsitsi Dangarembga,F,4,2,F,domestic,some,3,0,1,1,0.011764705882352941
75,The Bluest Eye,Toni Morrison,F,4,3,F,domestic,high,2,0,1,1,0.011627906976744186
76,Dracula,Bram Stoker,M,4,-1,mixed,mixed,high,-1,0,0,0,0.0
77,The Rainbow,DH Lawrence,M,4,1,mixed,domestic,some,1,0,4,4,0.0625
78,A House for Mr Biswas,VS Naipaul,M,4,-1,M,mixed,none,-2,4,0,-4,-0.046511627906976744
79,Go Tell It on the Mountain,James Baldwin,M,4,-1,M,domestic,some,-1,1,0,-1,-0.01639344262295082
80,Rebecca,Daphne du Maurier,F,4,3,F,domestic,some,3,0,1,1,0.014084507042253521
81,Buddenbrooks,Thomas Mann,M,4,0,mixed,domestic,none,1,0,2,2,0.03125
82,The End of the Affair,Graham Greene,M,4,1,mixed,mixed,none,0,0,3,3,0.04411764705882353
83,A Farewell to Arms,Ernest Hemingway,M,4,-2,M,public,high,-4,4,2,-2,-0.023809523809523808
84,The Talented Mr Ripley,Patricia Highsmith,F,4,-2,M,public,high,-4,0,0,0,0.0
85,The Vegetarian,Han Kang,F,4,2,F,domestic,some,3,0,1,1,0.018867924528301886
86,The Turn of the Screw,Henry James,M,4,2,F,domestic,some,3,0,2,2,0.02564102564102564
87,The Line of Beauty,Alan Hollinghurst,M,4,-1,M,mixed,none,-2,2,0,-2,-0.028169014084507043
88,Ragtime,EL Doctorow,M,4,0,mixed,public,some,-1,0,0,0,0.0
89,The Left Hand of Darkness,Ursula K Le Guin,F,4,0,mixed,public,some,-1,1,2,1,0.02127659574468085
90,Jacob's Room,Virginia Woolf,F,3,-1,M,public,high,-4,3,0,-3,-0.03488372093023256
91,Life and Fate,Vasily Grossman,M,3,-2,mixed,public,high,-2,7,0,-7,-0.1320754716981132
92,Sentimental Education,Gustave Flaubert,M,3,-1,M,mixed,some,-2,0,1,1,0.01639344262295082
93,Invisible Cities,Italo Calvino,M,3,0,none,public,none,-1,1,1,0,0.0
94,The Known World,Edward P Jones,M,3,-1,mixed,public,high,-2,1,0,-1,-0.023809523809523808
95,The Return of the Native,Thomas Hardy,M,3,1,mixed,mixed,some,0,0,0,0,0.0
96,Pedro Páramo,Juan Rulfo,M,3,-1,M,mixed,high,-3,2,0,-2,-0.022988505747126436
97,Catch-22,Joseph Heller,M,3,-3,M,public,high,-4,2,0,-2,-0.03278688524590164
98,The Road,Cormac McCarthy,M,3,-2,M,public,high,-4,2,2,0,0.0
99,The Go-Between,LP Hartley,M,3,0,mixed,domestic,none,1,1,1,0,0.0
100,My Ántonia,Willa Cather,F,4,1,mixed,mixed,none,0,2,0,-2,-0.03125
