rank,title,author,author_gender,votes,n_M,n_F,n_NB,n_unknown,pct_M_voters,pct_F_voters,handcoded_score
1,Middlemarch,George Eliot,F,56,22,34,0,0,39.3,60.7,1
2,Beloved,Toni Morrison,F,43,6,37,0,0,14.0,86.0,2
3,Ulysses,James Joyce,M,36,21,15,0,0,58.3,41.7,-1
4,To the Lighthouse,Virginia Woolf,F,31,9,22,0,0,29.0,71.0,3
5,In Search of Lost Time,Marcel Proust,M,27,15,12,0,0,55.6,44.4,0
6,Anna Karenina,Leo Tolstoy,M,26,6,20,0,0,23.1,76.9,2
7,War and Peace,Leo Tolstoy,M,20,11,9,0,0,55.0,45.0,-2
8,Jane Eyre,Charlotte Brontë,F,21,2,19,0,0,9.5,90.5,3
9,Pride and Prejudice,Jane Austen,F,20,7,13,0,0,35.0,65.0,3
10,Madame Bovary,Gustave Flaubert,M,19,9,10,0,0,47.4,52.6,2
11,The Great Gatsby,F Scott Fitzgerald,M,20,7,13,0,0,35.0,65.0,-1
12,Bleak House,Charles Dickens,M,19,8,11,0,0,42.1,57.9,0
13,Emma,Jane Austen,F,18,5,13,0,0,27.8,72.2,3
14,Mrs Dalloway,Virginia Woolf,F,18,4,14,0,0,22.2,77.8,2
15,Moby-Dick,Herman Melville,M,18,10,8,0,0,55.6,44.4,-3
16,Nineteen Eighty-Four,George Orwell,M,19,6,13,0,0,31.6,68.4,-2
17,One Hundred Years of Solitude,Gabriel García Márquez,M,18,10,8,0,0,55.6,44.4,0
18,Persuasion,Jane Austen,F,17,2,15,0,0,11.8,88.2,3
19,"The Life and Opinions of Tristram Shandy, Gentleman",Laurence Sterne,M,17,10,7,0,0,58.8,41.2,-1
20,Wuthering Heights,Emily Brontë,F,15,3,12,0,0,20.0,80.0,1
21,The Portrait of a Lady,Henry James,M,16,8,8,0,0,50.0,50.0,2
22,Things Fall Apart,Chinua Achebe,M,14,6,8,0,0,42.9,57.1,-2
23,Midnight's Children,Salman Rushdie,M,13,4,9,0,0,30.8,69.2,-1
24,The Remains of the Day,Kazuo Ishiguro,M,13,5,8,0,0,38.5,61.5,-1
25,Lolita,Vladimir Nabokov,M,13,4,8,1,0,30.8,61.5,-1
26,Don Quixote,Miguel de Cervantes,M,11,7,4,0,0,63.6,36.4,-2
27,The Trial,Franz Kafka,M,11,9,2,0,0,81.8,18.2,-1
28,The Brothers Karamazov,Fyodor Dostoevsky,M,10,7,3,0,0,70.0,30.0,-2
29,Pale Fire,Vladimir Nabokov,M,10,6,4,0,0,60.0,40.0,-1
30,Frankenstein,Mary Shelley,F,10,2,7,1,0,20.0,70.0,-1
31,The Prime of Miss Jean Brodie,Muriel Spark,F,10,4,6,0,0,40.0,60.0,3
32,The God of Small Things,Arundhati Roy,F,10,2,8,0,0,20.0,80.0,2
33,David Copperfield,Charles Dickens,M,10,2,8,0,0,20.0,80.0,-1
34,Wolf Hall,Hilary Mantel,F,10,0,10,0,0,0.0,100.0,-1
35,Great Expectations,Charles Dickens,M,9,3,6,0,0,33.3,66.7,-1
36,The Handmaid's Tale,Margaret Atwood,F,9,0,9,0,0,0.0,100.0,3
37,Invisible Man,Ralph Ellison,M,9,3,6,0,0,33.3,66.7,-1
38,The Age of Innocence,Edith Wharton,F,9,5,4,0,0,55.6,44.4,1
39,Their Eyes Were Watching God,Zora Neale Hurston,F,8,2,6,0,0,25.0,75.0,2
40,Song of Solomon,Toni Morrison,F,7,3,4,0,0,42.9,57.1,-1
41,Heart of Darkness,Joseph Conrad,M,7,5,2,0,0,71.4,28.6,-2
42,The Magic Mountain,Thomas Mann,M,7,4,3,0,0,57.1,42.9,-1
43,Housekeeping,Marilynne Robinson,F,7,3,4,0,0,42.9,57.1,2
44,Giovanni's Room,James Baldwin,M,7,4,3,0,0,57.1,42.9,-1
45,The Golden Notebook,Doris Lessing,F,7,1,6,0,0,14.3,85.7,2
46,The Leopard,Giuseppe Tomasi di Lampedusa,M,6,3,3,0,0,50.0,50.0,-1
47,Vanity Fair,William Makepeace Thackeray,M,6,2,4,0,0,33.3,66.7,1
48,The Metamorphosis,Franz Kafka,M,6,2,4,0,0,33.3,66.7,-1
49,A Fine Balance,Rohinton Mistry,M,6,0,6,0,0,0.0,100.0,0
50,Wide Sargasso Sea,Jean Rhys,F,6,1,5,0,0,16.7,83.3,2
51,My Brilliant Friend,Elena Ferrante,F,6,1,5,0,0,16.7,83.3,3
52,The Golden Bowl,Henry James,M,5,3,2,0,0,60.0,40.0,1
53,The Transit of Venus,Shirley Hazzard,F,6,2,4,0,0,33.3,66.7,2
54,Orlando,Virginia Woolf,F,5,2,3,0,0,40.0,60.0,1
55,The Waves,Virginia Woolf,F,5,3,2,0,0,60.0,40.0,0
56,Mansfield Park,Jane Austen,F,5,5,0,0,0,100.0,0.0,3
57,The Sound and the Fury,William Faulkner,M,5,2,3,0,0,40.0,60.0,-1
58,Disgrace,JM Coetzee,M,5,3,2,0,0,60.0,40.0,-2
59,Never Let Me Go,Kazuo Ishiguro,M,5,1,4,0,0,20.0,80.0,1
60,Howards End,EM Forster,M,5,3,2,0,0,60.0,40.0,1
61,The Rings of Saturn,WG Sebald,M,5,2,3,0,0,40.0,60.0,-1
62,Half of a Yellow Sun,Chimamanda Ngozi Adichie,F,5,1,4,0,0,20.0,80.0,0
63,White Teeth,Zadie Smith,F,5,3,2,0,0,60.0,40.0,0
64,The Good Soldier,Ford Madox Ford,M,5,2,3,0,0,40.0,60.0,-1
65,The Color Purple,Alice Walker,F,4,1,3,0,0,25.0,75.0,3
66,The Master and Margarita,Mikhail Bulgakov,M,5,3,2,0,0,60.0,40.0,0
67,The Man Without Qualities,Robert Musil,M,4,4,0,0,0,100.0,0.0,-2
68,Blood Meridian,Cormac McCarthy,M,4,3,1,0,0,75.0,25.0,-3
69,Crime and Punishment,Fyodor Dostoevsky,M,4,2,2,0,0,50.0,50.0,-2
70,Jude the Obscure,Thomas Hardy,M,4,4,0,0,0,100.0,0.0,1
71,Kindred,Octavia E Butler,F,4,0,4,0,0,0.0,100.0,2
72,Our Mutual Friend,Charles Dickens,M,4,2,2,0,0,50.0,50.0,0
73,Austerlitz,WG Sebald,M,4,2,2,0,0,50.0,50.0,-1
74,Nervous Conditions,Tsitsi Dangarembga,F,4,1,3,0,0,25.0,75.0,2
75,The Bluest Eye,Toni Morrison,F,4,1,3,0,0,25.0,75.0,3
76,Dracula,Bram Stoker,M,4,2,2,0,0,50.0,50.0,-1
77,The Rainbow,DH Lawrence,M,4,0,4,0,0,0.0,100.0,1
78,A House for Mr Biswas,VS Naipaul,M,4,2,2,0,0,50.0,50.0,-1
79,Go Tell It on the Mountain,James Baldwin,M,4,1,3,0,0,25.0,75.0,-1
80,Rebecca,Daphne du Maurier,F,4,0,4,0,0,0.0,100.0,3
81,Buddenbrooks,Thomas Mann,M,4,1,3,0,0,25.0,75.0,0
82,The End of the Affair,Graham Greene,M,4,1,3,0,0,25.0,75.0,1
83,A Farewell to Arms,Ernest Hemingway,M,4,1,3,0,0,25.0,75.0,-2
84,The Talented Mr Ripley,Patricia Highsmith,F,4,2,2,0,0,50.0,50.0,-2
85,The Vegetarian,Han Kang,F,4,0,4,0,0,0.0,100.0,2
86,The Turn of the Screw,Henry James,M,4,0,4,0,0,0.0,100.0,2
87,The Line of Beauty,Alan Hollinghurst,M,4,4,0,0,0,100.0,0.0,-1
88,Ragtime,EL Doctorow,M,4,4,0,0,0,100.0,0.0,0
89,The Left Hand of Darkness,Ursula K Le Guin,F,4,2,2,0,0,50.0,50.0,0
90,Jacob's Room,Virginia Woolf,F,3,2,1,0,0,66.7,33.3,-1
91,Life and Fate,Vasily Grossman,M,3,2,1,0,0,66.7,33.3,-2
92,Sentimental Education,Gustave Flaubert,M,3,0,3,0,0,0.0,100.0,-1
93,Invisible Cities,Italo Calvino,M,3,3,0,0,0,100.0,0.0,0
94,The Known World,Edward P Jones,M,3,0,3,0,0,0.0,100.0,-1
95,The Return of the Native,Thomas Hardy,M,3,2,1,0,0,66.7,33.3,1
96,Pedro Páramo,Juan Rulfo,M,3,2,1,0,0,66.7,33.3,-1
97,Catch-22,Joseph Heller,M,3,0,3,0,0,0.0,100.0,-3
98,The Road,Cormac McCarthy,M,3,0,3,0,0,0.0,100.0,-2
99,The Go-Between,LP Hartley,M,3,1,2,0,0,33.3,66.7,0
100,My Ántonia,Willa Cather,F,4,1,3,0,0,25.0,75.0,1
