voter,voter_gender,ballots,n_to_F_author,pct_to_F_author
Sarah Moss,F,5,5,100.0
Lauren Elkin,F,3,3,100.0
Imogen Russell Williams,F,3,3,100.0
Yael van der Wouden,F,3,3,100.0
Fiona Sturges,F,5,5,100.0
Bernardine Evaristo,F,3,3,100.0
Samantha Ellis,F,4,4,100.0
Joanne Harris,F,1,1,100.0
Nikesh Shukla,M,1,1,100.0
Lisa Allardice,F,9,8,88.88888888888889
Katherine Rundell,F,6,5,83.33333333333333
Saba Sams,F,6,5,83.33333333333333
Charlotte Northedge,F,10,8,80.0
Ella Creamer,F,5,4,80.0
Lily King,F,9,7,77.77777777777777
Emma Loffhagen,F,9,7,77.77777777777777
Lorrie Moore,F,4,3,75.0
Nadifa Mohamed,F,4,3,75.0
Ali Smith,F,4,3,75.0
Kate Mosse,F,4,3,75.0
Natasha Walter,F,7,5,71.42857142857143
Doireann Ní Ghríofa,F,7,5,71.42857142857143
Sandra Newman,F,6,4,66.66666666666667
Esi Edugyan,F,6,4,66.66666666666667
Yiyun Li,F,9,6,66.66666666666667
Jennifer Egan,F,6,4,66.66666666666667
Tom Crewe,M,3,2,66.66666666666667
Katharine Viner,F,6,4,66.66666666666667
Uzma Aslam Khan,F,3,2,66.66666666666667
Arifa Akbar,F,6,4,66.66666666666667
Damian Barr,M,6,4,66.66666666666667
Daisy Johnson,F,3,2,66.66666666666667
Hermione Lee,F,3,2,66.66666666666667
Fiona Sampson,F,3,2,66.66666666666667
Jack Edwards,M,6,4,66.66666666666667
Siri Hustvedt,F,8,5,62.5
Susanna Rustin,F,8,5,62.5
Liese Spencer,F,8,5,62.5
Melissa Broder,F,5,3,60.0
Ben Markovits,M,5,3,60.0
Sophie Mackintosh,F,5,3,60.0
Sinéad Gleeson,F,5,3,60.0
Michael Chabon,M,5,3,60.0
Beejay Silcox,F,5,3,60.0
Kathryn Hughes,F,7,4,57.142857142857146
Dinah Birch,F,7,4,57.142857142857146
Aida Edemariam,F,7,4,57.142857142857146
Jude Cook,M,7,4,57.142857142857146
Yagnishsing Dawoor,M,7,4,57.142857142857146
Tahmima Anam,F,9,5,55.55555555555556
David Nicholls,M,9,5,55.55555555555556
Lisa Tuttle,F,9,5,55.55555555555556
Lara Feigel,F,10,5,50.0
Geoff Dyer,M,6,3,50.0
Adam Roberts,M,4,2,50.0
Richard Osman,M,4,2,50.0
Tessa Hadley,F,6,3,50.0
Alex Clark,F,6,3,50.0
Sarah Crown,F,2,1,50.0
Jem Calder,M,4,2,50.0
Jan Carson,F,6,3,50.0
Roxane Gay,F,4,2,50.0
Julie Myerson,F,6,3,50.0
Jacqueline Rose,F,6,3,50.0
Rebecca Liu,F,4,2,50.0
Maggie O’Farrell,F,4,2,50.0
Alexandra Harris,F,8,4,50.0
Shahidha Bari,F,6,3,50.0
Jo Hamya,F,4,2,50.0
Maya Jaggi,F,2,1,50.0
Diana Evans,F,6,3,50.0
Maaza Mengiste,F,6,3,50.0
Sarah Churchwell,F,8,4,50.0
Matt Haig,M,4,2,50.0
Meg Rosoff,F,4,2,50.0
Mark Haddon,M,2,1,50.0
Ian Rankin,M,4,2,50.0
John Self,M,4,2,50.0
Samantha Harvey,F,2,1,50.0
Sian Cain,F,6,3,50.0
Nina Allan,F,4,2,50.0
Lucas Rijneveld,NB,2,1,50.0
M. John Harrison,M,2,1,50.0
Merve Emre,F,9,4,44.44444444444444
Justine Jordan,F,9,4,44.44444444444444
Sara Collins,F,9,4,44.44444444444444
Blake Morrison,M,7,3,42.857142857142854
Alex Needham,M,7,3,42.857142857142854
Freya Johnston,F,5,2,40.0
Claire Armitstead,F,10,4,40.0
Houman Barekat,M,5,2,40.0
Clare Clark,F,10,4,40.0
Jon Day,M,5,2,40.0
Catherine Taylor,F,5,2,40.0
Naoise Dolan,F,5,2,40.0
Kieran Goddard,M,8,3,37.5
Michael Donkor,M,8,3,37.5
Anne Enright,F,8,3,37.5
Andrew Solomon,M,6,2,33.333333333333336
John Mullan,M,9,3,33.333333333333336
Charlotte Mendelson,F,6,2,33.333333333333336
James Meek,M,6,2,33.333333333333336
Elizabeth Day,F,6,2,33.333333333333336
Candice Carty Williams,F,3,1,33.333333333333336
Guy Gunaratne,M,6,2,33.333333333333336
Olivia Laing,F,6,2,33.333333333333336
Chigozie Obioma,M,3,1,33.333333333333336
John Boyne,M,3,1,33.333333333333336
Joe Dunthorne,M,6,2,33.333333333333336
Sayaka Murata,F,3,1,33.333333333333336
Eimear McBride,F,10,3,30.0
Ahdaf Soueif,F,7,2,28.571428571428573
Xan Brooks,M,7,2,28.571428571428573
John Lanchester,M,7,2,28.571428571428573
Kit de Waal,F,7,2,28.571428571428573
Douglas Stuart,M,7,2,28.571428571428573
Amanda Craig,F,7,2,28.571428571428573
Chris Power,M,8,2,25.0
Elif Batuman,F,8,2,25.0
Maya Jasanoff,F,8,2,25.0
Charlotte Higgins,F,8,2,25.0
Ian McEwan,M,8,2,25.0
Stuart Kelly,M,4,1,25.0
Marcel Theroux,M,8,2,25.0
Claire Messud,F,8,2,25.0
William Boyd,M,8,2,25.0
Elif Shafak,F,8,2,25.0
Colm Tóibín,M,8,2,25.0
Steven Poole,M,8,2,25.0
Lucy Knight,F,4,1,25.0
Nina Stibbe,F,4,1,25.0
Chloe Aridjis,F,9,2,22.22222222222222
Salman Rushdie,M,9,2,22.22222222222222
Rishi Dastidar,M,5,1,20.0
Colum McCann,M,5,1,20.0
Jeet Thayil,M,5,1,20.0
Ian Patterson,M,5,1,20.0
Rachel Kushner,F,5,1,20.0
Parinoush Saniee,F,5,1,20.0
Laura Wilson,F,5,1,20.0
Adam Thirlwell,M,6,1,16.666666666666668
Derek Owusu,M,6,1,16.666666666666668
Dorian Lynskey,M,6,1,16.666666666666668
Alberto Manguel,M,7,1,14.285714285714286
Kevin Power,M,7,1,14.285714285714286
RF Kuang,F,7,1,14.285714285714286
Sam Leith,M,8,1,12.5
Sarah Bakewell,F,8,1,12.5
Yan Lianke,M,8,1,12.5
Juan Gabriel Vasquez,M,8,1,12.5
Sarah Waters,F,8,1,12.5
Ben Okri,M,9,1,11.11111111111111
Melissa Harrison,F,3,0,0.0
Valeria Luiselli,F,6,0,0.0
Stephen King,M,3,0,0.0
Pratinav Anil,M,3,0,0.0
Daniel Kehlmann,M,5,0,0.0
Christobel Kent,F,6,0,0.0
Amit Chaudhuri,M,2,0,0.0
PD Smith,M,3,0,0.0
Tanjll Rashid,M,4,0,0.0
David Diop,M,2,0,0.0
Sukhdev Sandhu,M,4,0,0.0
Mazen Maarouf,M,2,0,0.0
Alain Mabanckou,M,3,0,0.0
Philippe Sands,M,4,0,0.0
Benjamin Myers,M,1,0,0.0
David Shariatmadari,M,3,0,0.0
Florence Knapp,F,1,0,0.0
Joshua Cohen,M,1,0,0.0
