rank,title,author,open_library_id,vote_count,blurb
1,Middlemarch,George Eliot,OL40545731W,56,"Following the lives and loves of the inhabitants of a provincial English town in the middle of the 19th century, Eliot’s sixth novel is widely recognised as her masterpiece. Though she originally planned to write two separate books, Eliot merged them to create an intricately patterned epic that explores work and marriage, ambition and creativity, selfishness and community spirit against a background of political, social and technological change. An immediate bestseller, it has shaped literature in English ever since; few will be surprised to see it at the top of our list. As Emily Dickinson wrote: “What do I think of Middlemarch? What do I think of glory?”"
2,Beloved,Toni Morrison,OL50548W,43,"Winner of the Pulitzer prize for fiction, Morrison’s devastating account of formerly enslaved people after the American civil war was loosely based on the life of Margaret Garner, who killed her own daughter to spare her from being forced back into slavery. The novelist described Beloved as a story about “the pitched battle between remembering and forgetting”. This uncanny, literally haunted portrait of both physical and psychological violence remains one of the most banned and challenged books in American libraries, and one of the most cherished. In 1993, Morrison became the first Black woman to be awarded the Nobel prize in literature."
3,Ulysses,James Joyce,OL86318W,36,"The modernist behemoth that mapped one day in Dublin – 16 June 1904 – and changed literature for ever. Originally conceived as a short story for his collection Dubliners, written over a seven-year period and banned in the US and the UK for obscenity before it was even published as a complete book, Joyce’s sprawling, stream-of-consciousness take on Homer’s Odyssey is one of the most challenging and rewarding novels written in English."
4,To the Lighthouse,Virginia Woolf,OL39396W,31,"Woolf’s fifth novel is set mainly across two days, 10 years apart – either side of the first world war – and slips between the perspectives of the Ramsay family and their guests at their summer house on the Isle of Skye, drawing on the writer’s memories of childhood holidays at Talland House in St Ives, Cornwall. Woolf herself described it as “easily the best” of her books. Her sister, the artist Vanessa Bell, designed the original dust jacket."
5,In Search of Lost Time,Marcel Proust,OL1190289W,27,"First translated into English in 1922, Proust’s seven-volume Parisian epic holds the world record for longest novel. Used today to describe how a sensory experience can trigger involuntary memories, the term “madeleine effect” (or “Proustian rush”) originates from a scene in the first few pages where the world-weary narrator dips a small cake in lime-blossom tea and is transported back to his childhood."
6,Anna Karenina,Leo Tolstoy,OL267096W,26,"The tale of a doomed love affair between Anna, wife of Karenin, and Count Vronsky, Tolstoy’s first “true novel”, as he saw it, was serialised over two years before being published to a mixed reception. While Tolstoy himself found the novel to be “beastly”, readers ever since have been drawn in by the depth of emotion and the breadth of his depiction of Russian society; William Faulkner declared it the greatest novel ever written."
7,War and Peace,Leo Tolstoy,OL36765642W,20,"Combining love, tragedy, philosophy and a history of the Napoleonic wars, Tolstoy claimed his four-volume epic was “not a novel”; Dostoevsky disagreed, describing it as the masterpiece of Russian literature. Though the first part of the work was serialised in the Russian Messenger in 1865, earlier versions are thought to date back to 1856, and Tolstoy is said to have redrafted it as many as 20 times."
8,Jane Eyre,Charlotte Brontë,OL1095427W,21,"The tale of poor governess Jane, her unlikely love affair with Mr Rochester, and the madwoman in his attic was a bestseller on publication. (Her sister Emily’s novel Wuthering Heights came out two months later.) Published under the pen name Currer Bell, its innovative first-person narrative, gothic and erotic themes thrilled contemporary readers."
9,Pride and Prejudice,Jane Austen,OL66554W,20,"Austen’s second published novel gave us Lizzy Bennet, Mr Darcy – and arguably the original romantic comedy. The ironic humour, the lovable Bennet clan and the brooding, arrogant Darcy have inspired ardent fans ever since, with popular adaptations ranging from the classic 90s TV drama to the Keira Knightley film, and of course the inspiration for Mark Darcy in Helen Fielding’s Bridget Jones series."
10,Madame Bovary,Gustave Flaubert,OL893707W,19,"A devastating cautionary tale about the dangers of fantasy, snobbery and romantic yearning, the story of frustrated doctor’s wife Emma Bovary transformed the novel with its meticulous rendering of small-town life in mid-19th-century France. Scholars note that there is no record of Flaubert ever saying “Madame Bovary, c’est moi”, the quote often attributed to him as evidence for the ultimately autobiographical nature of all fiction."
11,The Great Gatsby,F Scott Fitzgerald,OL468431W,20,"This lushly written tragedy of corruption among the “careless people” revelling in jazz-age hedonism didn’t become a hit until the second world war, when free copies were distributed to US soldiers. It captures the hollowness at the heart of the American dream, through an outsider’s view of the elite."
12,Bleak House,Charles Dickens,OL14868510W,19,"The saga of Jarndyce and Jarndyce, a legal case over conflicting wills that swallows all it encounters, is a towering portrait of foggy, fantastical London. Widely seen as Dickens’s finest achievement, it features one of literature’s most controversial deaths (Mr Krook, by spontaneous combustion)."
13,Emma,Jane Austen,OL66513W,18,"In Emma, the novelist famously set out to create “a heroine whom no one but myself will much like”. As her privileged, overconfident protagonist meddles and matchmakes her way towards self-knowledge, Austen’s perfectly plotted tale interrogates wealth, class and social power through the study of her ideal subject: “three or four families in a country village”. The last novel published in Austen’s lifetime, it was adapted into 1995 Hollywood high-school comedy Clueless, starring Alicia Silverstone and Paul Rudd."
14,Mrs Dalloway,Virginia Woolf,OL39349W,18,"Past loves and paths not taken intrude on Clarissa Dalloway’s meticulous preparations for a society party in this dazzling stream-of-consciousness novel, set on an ordinary June day in 1920s London. Woolf’s ahead-of-their-time themes include same-sex desire (Sally, a youthful crush of Clarissa’s, turns up at the party as a married mother of five) and PTSD (Septimus, a veteran of the first world war, spirals towards madness)."
15,Moby-Dick,Herman Melville,OL26158026W,18,"The great American epic of obsession, set aboard the whaling ship Pequod, in which Captain Ahab is determined to hunt down the eponymous cetacean that bit off his leg (and left him with a whale jawbone as a prosthesis). Rich in symbolism, intellectual digression, cosmic complexity and bloodcurdling action alike, its greatness was appreciated only after Melville’s death; 80 years later, first mate Starbuck gave his name to a coffee chain."
16,Nineteen Eighty-Four,George Orwell,OL1168083W,19,"Arguably no novel has as much relevance to contemporary global politics as the final complete book by the author of Animal Farm, with “Orwellian” now regularly applied to governments seen to be taking a leaf from the playbook of Big Brother and the Party, the rulers of the dystopian autocratic state depicted in the novel. Orwell wrote the book while seriously ill with tuberculosis, from which he died in 1950."
17,One Hundred Years of Solitude,Gabriel García Márquez,OL274505W,18,"Colonialism and civil war, clouds of yellow butterflies, levitating priests and a plague of insomnia … Inspired by his childhood home in Aracataca, Colombia, and his grandparents’ stories, García Márquez’s magical realist masterpiece was written over an intense 18-month period, the novelist chain-smoking 60 cigarettes a day as he set down the funny, tragic, political history of a fictional Caribbean town called Macondo. Following the Buendía family over seven generations, this landmark of Latin American literature would go on to sell more than 50m copies around the world. García Márquez was awarded the Nobel prize in literature in 1982."
18,Persuasion,Jane Austen,OL66544W,17,"The final novel completed before Austen’s death, and seen as the most mature of her works, Persuasion is a quietly devastating account of missed opportunities and repressed love. Anne Elliot, persuaded to break off her engagement to Captain Wentworth, is confronted by what might have been when he comes into her life again seven years on. Though not as immediately popular as other Austen novels, it has won devoted fans in the years since."
19,"The Life and Opinions of Tristram Shandy, Gentleman",Laurence Sterne,OL679230W,17,"Released in nine volumes, Sterne’s anarchic, experimental anti-novel is a metafictional autobiography in which the lead character isn’t born until several volumes in. This stunningly modern shaggy dog story is full of silly puns and philosophical digressions into everything from noses to nominative determinism and siege warfare. Its huge success transformed Sterne from an obscure Yorkshire clergyman into a literary celebrity."
20,Wuthering Heights,Emily Brontë,OL21177W,15,"Emerald Fennell’s maximalist, sexed-up film divided opinions on its release in February. The source text – Brontë’s only novel – was published under the pen name Ellis Bell, and was similarly polarising among its Victorian audience for its depiction of the destructive relationship of its antiheroes, Heathcliff and Cathy, and its moral ambivalence. Set on the blustery Yorkshire moors, it is considered a classic of gothic literature."
21,The Portrait of a Lady,Henry James,OL276365W,16,"Like many 19th-century novels, this first appeared in serial form before being released as a full book, with readers having to wait patiently to follow the fortunes of James’s protagonist Isabel Archer, a young American woman whose inheritance leads her into a troubled marriage. James wasn’t fully satisfied with the original version – he rewrote large portions for the 1908 “New York Edition”."
22,Things Fall Apart,Chinua Achebe,OL891786W,14,"A cornerstone of African literature, Achebe’s debut novel reshaped world literature. Set in 1890s Nigeria, it recounts the life of Okonkwo, a proud Igbo warrior, as colonial governors and Christian missionaries arrive in his village, disrupting the traditional tribal way of life. Looking back on his 18-year imprisonment on Robben Island, Nelson Mandela described how when he read it, “the prison walls fell down”."
23,Midnight's Children,Salman Rushdie,OL457179W,13,"In the hour after midnight on 15 August 1947, the beginning of India’s independence from British colonial rule and its partition from Pakistan, 1,001 children are born with supernatural powers. This exuberant magic realist epic, a dazzling allegory of the ensuing decades, won both the Booker of Bookers in 1993 and the Best of the Booker in 2008."
24,The Remains of the Day,Kazuo Ishiguro,OL59048W,13,"The Nobel laureate’s Booker winner is narrated by the emotionally repressed Stevens, a butler taking his first holiday from Darlington Hall, the grand stately home where he has worked for more than 30 years. As he looks back from 1956, it becomes clear that he has wasted his life in devotion to professional duty, loyalty to his Nazi-sympathising master thwarting any chance of personal happiness. A 1993 Merchant Ivory screen adaptation of the book starred Anthony Hopkins and Emma Thompson."
25,Lolita,Vladimir Nabokov,OL627084W,13,"The confession of paedophile Humbert Humbert, literature’s most dazzlingly unreliable narrator, is an endlessly controversial high-wire act. Published in France by Olympia Press, an imprint better known for releasing pornographic pulp, the first print run was just 5,000 copies. Branded obscene, the novel was swiftly banned there, and around the world, censors keeping copies out of the UK until 1959 and Australia until 1965. Writing in the Spectator, Kingsley Amis called it “bad as a work of art, and morally bad”. In his introduction to the 1992 Everyman edition his son Martin Amis hailed its brilliance, writing: “In common with its narrator, it is both irresistible and unforgivable.” It has now sold more than 50m copies."
26,Don Quixote,Miguel de Cervantes,OL503666W,11,"This exuberant satire of chivalric romance – in which a middle-aged Spanish man who reads too many books decides to become a knight, enlisting a farmhand as his squire – is a sprawling comic portrait of obsession, friendship and the gulf between imagination and reality. It’s often seen as the first modern novel; part two, published a decade after the first in response to an impostor’s follow-up, included characters who had read part one – metafiction in the 17th century. The Don has given his name to an adjective for impractical, impulsive idealism."
27,The Trial,Franz Kafka,OL498463W,11,"Kafka’s literary executor defied his request to burn all unpublished manuscripts after his death, and this unfinished fable of bureaucratic oppression, in which Josef K is inexplicably victimised by a shadowy authority, was published posthumously. Written during the first world war, it seems to prefigure both the totalitarianism and existential dread of the decades to come."
28,The Brothers Karamazov,Fyodor Dostoevsky,OL10432709W,10,"Dostoevsky’s final novel, in which the murder of a cruel landowner throws suspicion on to his sons, tackles the biggest questions: good, evil, free will, original sin and the possibility of human redemption, all explored against the backdrop of a Russia in the grip of seismic social change. Both Einstein and Freud thought it the best novel ever written."
29,Pale Fire,Vladimir Nabokov,OL627081W,10,"A metafictional delight presenting a 999-line poem by a poet called John Shade, which is subverted by the commentary appended by his neighbour and colleague. Critics have argued endlessly over how to read this slyly witty meditation on meaning and madness; Nabokov described it as “full of plums that I keep hoping somebody will find” – including a minor character called Pnin and a hurricane by the name of Lolita."
30,Frankenstein,Mary Shelley,OL450063W,10,"Shelley was just 18 when she began work on Frankenstein, as part of a ghost story competition suggested by Byron during a rainy holiday on the banks of Lake Geneva. The tale of a scientist discovering the spark of life to create an 8ft-tall humanoid – sensitive, self-educated, vegetarian, but furiously vengeful after rejection by his progenitor – has become an essential part of the culture."
31,The Prime of Miss Jean Brodie,Muriel Spark,OL26437W,10,"“Give me a girl at an impressionable age and she is mine for life,” announces Spark’s charismatic teacher in this elegantly sinister study of favouritism, fascism and the power of persuasive fictions. Spark draws the reader into Miss Brodie’s cultured and elite clique – the “crème de la crème” – only to reveal that her romantic lessons on life and love hide a darker desire to control and manipulate."
32,The God of Small Things,Arundhati Roy,OL1052133W,10,"Following seven-year-old twins Rahel and Estha as they move with their mother to their grandparents’ home in the Kerala village of Ayemenem, Roy’s debut novel won the Booker prize and was an instant bestseller. The novel faced criticism and a legal case in India for alleged obscenity and criticism of the caste system. Roy remains a vocal critic of the Indian government, but didn’t write another novel for 20 years."
33,David Copperfield,Charles Dickens,OL8662242W,10,"Dickens wrote: “of all my books I like this best”. Partly autobiographical, it follows the eponymous hero from impoverished childhood to adult success as a respected author. Stuffed with memorable characters, from his eccentric great aunt Betsey Trotwood to the “ever so humble” Uriah Heep, it was a critical and commercial smash. Barbara Kingsolver’s 2022 reimagining, Demon Copperhead, transposed the action from early Victorian England to opioid-ravaged Appalachia to explore similar themes of injustice and social mobility."
34,Wolf Hall,Hilary Mantel,OL464512W,10,"The first instalment of Mantel’s epic three-part account of Thomas Cromwell’s ascent at the court of Henry VIII won her the Booker prize – the follow-up, Bring Up the Bodies, made her the first woman and first British writer to win the prize twice. The first line of Wolf Hall came to Mantel upon waking up one morning."
35,Great Expectations,Charles Dickens,OL8721462W,9,"From the opening graveyard scene where orphan Pip first encounters the convict Magwitch, Dickens’s coming-of-age novel grips the imagination and doesn’t let go. A story of social mobility and moral corruption, its cast of unforgettable characters includes jilted spinster Miss Havisham, who haunts her mansion in tattered veil and gown, training her young charge Estella to take revenge on men. On the advice of friends, Dickens reluctantly changed his original ending to one that allowed for the possibility that Pip and Estella end up together."
36,The Handmaid's Tale,Margaret Atwood,OL675783W,9,"“One of my rules was that I would not put any events into the book that had not already happened.” Atwood’s dystopia draws on real-world oppression, from early American puritans to the Islamic revolution in Iran, to create a chillingly plausible fundamentalist America in which women are forbidden to read and write, with “handmaids” used as brood mares for the elite."
37,Invisible Man,Ralph Ellison,OL495470W,9,"The only one of Ellison’s novels published during his lifetime, Invisible Man is a landmark exploration of race and identity in 20th-century America. Ellison spent seven years writing the novel, which follows an unnamed Black narrator confronting racism and his own sense of self. It won the 1953 US National book award, making Ellison the first African American writer to receive the prize, and has had a lasting influence, cited by Barack Obama as a major inspiration for his memoir Dreams from My Father."
38,The Age of Innocence,Edith Wharton,OL98491W,9,"Set in 1870s upper-class, gilded age New York, Wharton’s eighth novel is a closely observed portrait of manners, desire and social constraint. It won the 1921 Pulitzer prize for fiction, making Wharton the first woman to receive the award. (The jury had originally chosen Sinclair Lewis’s Main Street, but the trustees rejected it as unwholesome.) It has been adapted for screen numerous times, most famously in Martin Scorsese’s 1993 film, starring Daniel Day-Lewis, Michelle Pfeiffer and Winona Ryder."
39,Their Eyes Were Watching God,Zora Neale Hurston,OL27778127W,8,"Hurston’s second novel, written in seven weeks, was published at the twilight of the Harlem Renaissance, and is now considered a classic of the movement, particularly for its incorporation of folklore and southern African American dialect. The novel follows the life and romantic trials of Janie, who has two doomed marriages before meeting her real love, Tea Cake, who lets her be free."
40,Song of Solomon,Toni Morrison,OL50564W,7,"Following the life of Macon “Milkman” Dead III as he grows up in mid-century Michigan and later travels through the South in search of family history and a sense of belonging, Song of Solomon was Morrison’s breakout novel. She wrote much of it while working full-time as an editor at Random House, often drafting it in the early mornings before her children woke."
41,Heart of Darkness,Joseph Conrad,OL38663W,7,"Conrad drew on his 1890 journey to Congo Free State, a private colony under vicious subjugation by the Belgian king, for the story of a sea captain’s mission to find a European ivory trader who has gone rogue. The novella revealed the monstrosity at the heart of the imperial project, but has drawn its own accusations of racism – not least from Chinua Achebe, whose riposte Things Fall Apart appears at No 22 on our list. The 1979 film Apocalypse Now, starring Marlon Brando as Colonel Kurtz, brilliantly transposes the horror to Vietnam and Cambodia."
42,The Magic Mountain,Thomas Mann,OL14866824W,7,"Mann’s epic tale of European civilisation on the brink of war takes place in an unlikely setting: an otherworldly tuberculosis sanatorium high in the Swiss Alps. After making the questionable decision to visit his cousin, who is undergoing a course of treatment there, Hans Castorp finds himself unable to leave – and beguiled by the philosophical, political and romantic currents that seem to converge there. The sanatorium Mann based his story around is now a hotel that hosts attendees of the World Economic Forum in nearby Davos."
43,Housekeeping,Marilynne Robinson,OL1875010W,7,"What is home? What is family? What makes for a good life? Robinson’s mysterious, dreamlike novel probes profound questions in richly metaphorical prose. A study of loss and loneliness, it centres on orphaned sisters Ruthie and Lucille Stone, who live in a lakeside house in the fictional town of Fingerbone in remote north-west America, under the care of their eccentric guardian Aunt Sylvie. Robinson has said that Fingerbone was based on the town where she grew up, and that the vastness of that landscape “had a huge religious implication for me”."
44,Giovanni's Room,James Baldwin,OL228702W,7,"Before the release of Giovanni’s Room, Baldwin had been acclaimed for Go Tell It on the Mountain (on our list at 79), a novel rooted in his adolescence in 1930s Harlem that led many to position him as a writer of “Black fiction”. It was a label he resisted, and for his next novel, he chose to explore homosexuality and masculinity through the perspective of white characters. The book was highly controversial for its candid depiction of sexuality, desire and internalised homophobia, and rejected several times before its publication."
45,The Golden Notebook,Doris Lessing,OL31259W,7,"Blending political critique with psychological realism and an experimental form, The Golden Notebook explores communism, anti-Stalinism, the sexual revolution and the contradictions of women’s liberation. Lessing, an outspoken critic of apartheid who was banned from South Africa and Rhodesia in 1956, was deeply engaged in the political currents of her time. Reflecting on the novel’s feminist legacy, she said in a 1994 interview: “Things have changed for white, middle-class women, but nothing has changed outside this group.”"
46,The Leopard,Giuseppe Tomasi di Lampedusa,OL2386322W,6,"An old order crumbles in this exquisitely styled, gem-like novel as the head of an aristocratic family witnesses its power and prestige gradually dissolve in the political upheaval of Italian unification. The passing of time and the ephemeral nature of power are the themes of Lampedusa’s only novel, which came out posthumously after being rejected by publishers in his lifetime. Lampedusa was the last in a line of princes; the Italian title Il Gattopardo actually refers to a different big cat, the serval, which appears in the Lampedusa coat of arms."
47,Vanity Fair,William Makepeace Thackeray,OL16313W,6,"Early versions of Vanity Fair carried the subtitle A Novel Without a Hero, reflecting Thackeray’s rejection of Victorian fiction’s saintly heroines and cartoonish villains. Set during the Napoleonic era, it is a satire of social ambition, its characters shifting between virtue and vanity. Its legacy endures, perhaps most famously living on in the title of the lifestyle magazine."
48,The Metamorphosis,Franz Kafka,OL498556W,6,"Kafka took just three weeks to write his absurdist novella about Gregor Samsa, the travelling salesman who wakes to find himself transformed into a bug. The story has been endlessly referenced and reimagined, from the cover of the Rolling Stones’s 1975 compilation album featuring the band members as bugs, to Ian McEwan’s 2019 novella The Cockroach, in which an insect takes over the body of the UK prime minister."
49,A Fine Balance,Rohinton Mistry,OL2980902W,6,"Mistry originally conceived of A Fine Balance as a short novel. Starting simply with the image of a woman at a sewing machine, it subsequently grew into a 700-page epic, as Mistry became increasingly absorbed in the backstories of the tailors and the student who come to share the seamstress's life. Set in an unidentified city in India, initially during the emergency in 1975 and later in 1984, it follows four strangers from distinct backgrounds whose lives are brought together as they navigate political repression and poverty."
50,Wide Sargasso Sea,Jean Rhys,OL1858668W,6,"This postcolonial prequel to Jane Eyre takes up the story of the first Mrs Rochester. Swapping Charlotte Brontë’s cold, dark gothic for the oppressive sunshine of the Caribbean, Dominica-born Rhys reimagines Brontë’s notorious “madwoman in the attic” as a Creole heiress called Antoinette Cosway. After decades of obscurity, its critical success propelled Rhys back into the spotlight at the age of 76, with Angela Carter hailing the novel as “a complete reimagining of what literature can do”."
51,My Brilliant Friend,Elena Ferrante,OL16520879W,6,"The first in Ferrante’s Neapolitan Quartet, My Brilliant Friend follows Lila and Lenù, two girls growing up in a poor neighbourhood in 1950s Naples. The intensity and rivalry of their friendship is set against a backdrop of social and political upheaval as the girls struggle to escape their suffocating community. Translated by Ann Goldstein, the novel became a global phenomenon, leading to fierce speculation about the pseudonymous author’s true identity."
52,The Golden Bowl,Henry James,OL276338W,5,"Henry James’s final completed novel is a study of marriage, adultery and the meeting of English and American cultures. It focuses almost exclusively on the consciousness and interiority of the central characters – as a result, contemporary readers and critics often found the novel impenetrable. Now, however, it is regarded as one of the key works of James’s “late phase”, alongside The Wings of the Dove and The Ambassadors."
53,The Transit of Venus,Shirley Hazzard,OL103066W,6,"Two orphan sisters, Caroline and Grace Bell, leave Australia for postwar England, attempting to build new lives amid shifting social landscapes. Often compared to Henry James for its psychological precision, Hazzard rejected the influence in a 2006 Guardian interview, saying: “There is a myth that I was raised on James. I had hardly read anything of him when I started to write.” She added: “I think I’m funnier than Henry James.”"
54,Orlando,Virginia Woolf,OL39360W,5,"Woolf’s lover and muse Vita Sackville-West inspired this fabulous fictional biography of Orlando, who begins the book as a young nobleman in Elizabethan England, travels to Constantinople, and later transforms into a woman. Spanning 300 years, it is a satire on gender roles and, as Sackville-West’s son Nigel Nicolson famously described it, “the longest and most charming love letter in literature”. Tilda Swinton starred as the immortal poet in Sally Potter’s acclaimed 1992 film adaptation."
55,The Waves,Virginia Woolf,OL39316W,5,"This poetic, experimental novel follows six friends from nursery to old age through interconnected interior monologues. In 1929, as she began her modernist masterpiece, Woolf wrote in her diary: “I think I am about to embody at last the exact shapes my brain holds.”"
56,Mansfield Park,Jane Austen,OL66530W,5,"Austen’s third novel follows impoverished Fanny Price, sent to live with her wealthy aunt and uncle Bertram at their grand estate. A follow-up to Pride and Prejudice, the novel sold out within six months, though with themes of loneliness, religion, class and colonialism, it proved less critically popular than its predecessors. It was later re-evaluated by postcolonial and feminist academics, most notably in Edward Said’s Jane Austen and Empire (1993)."
57,The Sound and the Fury,William Faulkner,OL82870W,5,"The tale of a troubled family in the decaying American south, with daughter Caddy’s tragedy seen from the perspectives of her three brothers and a Black servant. Opening with the stream-of-consciousness thoughts of Benjy, who has severe intellectual disabilities, it’s notoriously challenging; though it was instrumental in winning Faulkner a Nobel, he admitted it was also “a real son-of-a-bitch”. His advice for those still struggling with his work after reading it two or three times? “Read it four times.”"
58,Disgrace,JM Coetzee,OL500451W,5,"Coetzee’s South African masterpiece is a dark, destabilising account of sexual violence and the aftermath of apartheid. It made him the first author to win the Booker prize twice (his first win was for Life & Times of Michael K in 1983), though he declined to attend the ceremonies. In 2002, he emigrated to Australia, and the following year was awarded the Nobel prize in literature."
59,Never Let Me Go,Kazuo Ishiguro,OL59038W,5,"Deceptively simple yet devastating. In Ishiguro’s sixth novel 31-year-old Kathy looks back at her childhood at Hailsham, a boarding school that we soon discover harbours a dark secret – why and for what purpose Kathy and her friends were created. Twenty years on, it remains Ishiguro’s most read novel. As he noted in a recent Guardian interview, “I’ve been praised for producing stuff that makes people cry. They gave me a Nobel prize for it.”"
60,Howards End,EM Forster,OL88881W,5,"Often glossed as a tale of two families and two contrasting approaches to life – the spirited and idealistic, the worldly and compromised – this is also a story about money: despite their apparent differences, the Schlegels and the Wilcoxes both “stand upon money as upon islands. It is so firm beneath our feet that we forget its very existence.” The fact that this isn’t the case for everyone intrudes dramatically into the plot. The Guardian’s February 1910 review described it as a book of “immense liberality”."
61,The Rings of Saturn,WG Sebald,OL46611W,5,"A nameless narrator walks the Suffolk coast, musing on the weight of the past: from Chinese empresses to English imperialism, silkworms to the herring industry, Rembrandt to bombing campaigns. After Sebald’s death, a memorial bench in the shape of Saturn’s rings was built around a copper beech tree at the University of East Anglia, where he was a professor."
62,Half of a Yellow Sun,Chimamanda Ngozi Adichie,OL5731542W,5,"Set in the 1960s during the Biafran war, Adichie’s second novel won the Women’s prize for fiction and became a bestseller. Inspired by her father’s memories of the war, in which both her grandfathers died, the novel follows the fortunes of houseboy Ugwu, and is a searing account of violence, politics, love and betrayal."
63,White Teeth,Zadie Smith,OL481143W,5,"This smart, funny, big-hearted novel bounces around multicultural north-west London, where Smith grew up. A sprawling, multigenerational saga, its cast includes British Army vet Archie Jones and his best friend Samad Iqbal, an Islamist terrorist group with the acronym “Kevin”, a Jewish scientist genetically engineering a FutureMouse and Jehovah’s Witnesses who think that the world is about to end. Published to rapturous reviews when she was just 24 years old, this dazzling debut went on to sell 2m copies and launch a literary star."
64,The Good Soldier,Ford Madox Ford,OL509889W,5,"Ford hated the title of his torrid tale of adultery, chaos and suicide among two couples: a novel dripping in irony, with a narrator who is not to be trusted. He’d wanted to call it The Saddest Story, a title thought too downbeat by his publishers during a time of war. Ford’s messy personal life chimes with his fiction: an affair with Jean Rhys inspired novels by him, her and Rhys’s husband."
65,The Color Purple,Alice Walker,OL273644W,4,"An extraordinary late flowering of the epistolary novel, it tells a powerfully moving story of abuse, love and female solidarity through letters sent by its heroine, Celie, initially to God, and then to her sister, Nettie. Across 30 years in the Jim Crow south, she records the worst and the best of humanity. The 1985 film adaptation, directed by Steven Spielberg, starred Whoopi Goldberg and Oprah Winfrey."
66,The Master and Margarita,Mikhail Bulgakov,OL676009W,5,"In this satire of the Soviet Union, written between 1928 and 1940, the devil and his entourage – including a vampire and an enormous black cat – cause mayhem in officially atheistic Moscow. Like his character the Master, who is writing a novel about Pontius Pilate, and fearing censorship and persecution by the authorities, Bulgakov burned the first manuscript in 1930; the darkly playful fable of good and evil went on to inspire the Rolling Stones’s Sympathy for the Devil."
67,The Man Without Qualities,Robert Musil,OL1330246W,4,"More than 20 years in the writing, exceeding 1,000 pages in three unfinished volumes, this modernist masterpiece from an author widely seen as the Austrian Proust is set in 1913 Vienna, in the dying days of the Austro-Hungarian empire. The protagonist is a mathematician in the grip of existential crisis, reflecting on the meaning and meaninglessness of the world around him. “No novelist is dearer to me,” said Milan Kundera."
68,Blood Meridian,Cormac McCarthy,OL40879W,4,"This brutal anti-western, McCarthy’s fifth novel, is partly the coming-of-age story of 14-year-old Tennessean “the kid”, who winds up joining a band of violent outlaws. Here, McCarthy fictionalises the atrocities of the Glanton gang, a group of white “scalp hunters” who terrorised Indigenous people on the US-Mexico border in the mid-19th century. Praised for its lyricism, the novel is widely considered McCarthy’s magnum opus."
69,Crime and Punishment,Fyodor Dostoevsky,OL40766966W,4,"In a novel that brilliantly exposes the gulf between sterile theorising and real human relations, impoverished former student Raskolnikov decides to commit a murder to prove a point – that some people are of no consequence, while others are so extraordinary that moral laws don’t apply to them. Unfortunately, his conscience doesn’t cooperate. Racked by guilt, haunted by bad dreams and encouraged by the woman he comes to love, he is driven to confess."
70,Jude the Obscure,Thomas Hardy,OL44986W,4,"Dubbed “Jude the Obscene” on publication, Hardy’s final novel follows working-class stonemason Jude Fawley, who longs for an education. Hardy’s most overtly political novel, it explores controversial themes of class, religion, bigamy and a critique of marriage. The critical reception was so harsh, Hardy never wrote another novel, and turned instead to poetry, but it has since been celebrated as a powerful and radical critique of Victorian society."
71,Kindred,Octavia E Butler,OL35616W,4,"Described by the author as a “grim kind of fantasy”, Kindred is a landmark speculative novel that blends time travel with the brutal realities of American slavery. The story follows a modern Black woman repeatedly pulled back into the antebellum south, and explores the legacy of racist violence and the complexities of interracial relationships. A defining work of Afrofuturism, which fuses science fiction with racial justice, the novel has become one of Butler’s most influential and enduring works."
72,Our Mutual Friend,Charles Dickens,OL41368739W,4,"Money, hidden identities, the dust that London is built on: Dickens’s final completed novel continues his fascination with melodrama, class and mortality. While writing the serial, he had his own brush with death, rescuing the manuscript from a traumatic train crash. Contemporary readers thought the book overcomplicated, but 20th-century critics found it to prefigure modernist experimentation and the end of Victorian certainties."
73,Austerlitz,WG Sebald,OL46615W,4,"The German writer’s melancholy, otherworldly books combine travel writing, biography, history and fiction, interposed with mysterious black and white photographs, to create a new genre and way of seeing – the Sebaldian. All are a response to the trauma of the Holocaust; this final book, about an architectural historian who escaped the Nazis on a Kindertransport, made him a contender for the Nobel, but he was to die the same year in a car crash at only 57."
74,Nervous Conditions,Tsitsi Dangarembga,OL17661158W,4,"The first novel published in English by a Black woman from Zimbabwe, Dangarembga’s semi-autobiographical debut tells the story of a rural girl’s dreams of education and escape. Now the first part of a trilogy, this instalment won the Commonwealth Writers’ prize and became a key text in postcolonial literature. The most recent, This Mournable Body, was shortlisted for the Booker in 2020. In the same year, she was arrested in Harare for her part in an anti-government demonstration. A conviction in 2022 was overturned a year later."
75,The Bluest Eye,Toni Morrison,OL50565W,4,"Eleven-year-old Pecola Breedlove dreams of having blue eyes like Shirley Temple. As she grows up in Lorain, Ohio (where Morrison was born) after the depression, life has taught Pecola that she is too small, too ugly and too Black. By putting a Black girl at the centre of her story, Morrison’s slim, devastating first novel changed American fiction. But it would be many years before her achievement was recognised. “The initial publication of The Bluest Eye was like Pecola’s life: dismissed, trivialised, misread,” she wrote in 1993."
76,Dracula,Bram Stoker,OL85892W,4,"Never out of print, this epistolary gothic horror – in which an English solicitor visits the castle of a Transylvanian nobleman who turns out to be a vampire, and who later lands by boat at Whitby on a mission to terrorise London – occupies a huge place in the culture. Stoker added details to existing folklore that have since become canon: that vampires must be invited over the threshold, and that they have no reflection in mirrors."
77,The Rainbow,DH Lawrence,OL81293W,4,"For Lawrence’s characters, yearning has a transcendental quality and falling in love is a religious experience. This novel, set in rural Nottinghamshire and focused on three generations of a family amid the industrial change of the 19th century, was ruled obscene over a plotline concerning the lesbian relationship between the young Ursula Brangwen and her schoolteacher. Its sequel, Women in Love, was published in 1920."
78,A House for Mr Biswas,VS Naipaul,OL103113W,4,"Naipaul’s international breakthrough came with his fourth novel, a comic epic set in postcolonial Trinidad following the doomed life of Mr Biswas, a character inspired by Naipaul’s father (the son in the novel, Anand, is based on the writer himself). Mr Biswas spends the novel living in a series of unsuitable homes – most of which are owned by his in-laws, with whom he’s constantly at war – until he finds the house of the title. Naipaul would go on to win the Nobel prize in literature in 2001."
79,Go Tell It on the Mountain,James Baldwin,OL228705W,4,"Baldwin’s first novel drew on his relationship with his cruel and controlling stepfather, an evangelical preacher from New Orleans. The story, set over a 24-hour period, centres on John Grimes, who is expected to follow the path of his abusive preacher father Gabriel. The novel, which connects sexuality with spirituality, has often been a target of book banning in the US."
80,Rebecca,Daphne du Maurier,OL36633W,4,"It has one of the most famous opening lines in literature and, in housekeeper Mrs Danvers, one of the most sinister female villains – plus an eponymous heroine who is dead from the off. The country estate in the novel was inspired by Du Maurier’s house in Cornwall. Critical opinion has always been a little snooty about this gothic triumph, but, like the glamorous Rebecca, its spell is impossible to shake off."
81,Buddenbrooks,Thomas Mann,OL14867081W,4,"Mann published this chronicle of the financial and spiritual decay of a wealthy 19th-century German family when he was in his mid-twenties, and caused a scandal for drawing on the society around him. William Faulkner saw it as the greatest novel of the 20th century, while “the Buddenbrooks effect” has come to refer to the tendency of family businesses to decline over the generations."
82,The End of the Affair,Graham Greene,OL106073W,4,"The affair between novelist Maurice Bendrix and Sarah Miles (clearly based on the author’s long affair with his goddaughter) ends when Sarah makes a deal with God during the blitz. Betrayal, morality, faith – all Greene’s big themes are contained in this slim, intimate novel set around a rainy Clapham Common. Greene’s friend and fellow Catholic convert Evelyn Waugh said the story was “a singularly beautiful and moving one”."
83,A Farewell to Arms,Ernest Hemingway,OL63072W,4,"Partly based on Hemingway’s own experiences during the first world war, this is an American soldier’s memoir of his time serving as a medic with the Italian army, and a love affair with an English nurse that ends in tragedy. Hemingway wrote nearly 50 possible versions of the ending, and made a list of more than 30 possible titles; but after he sent a draft to F Scott Fitzgerald who returned it with pages of edits, he famously wrote back with the words “Kiss my ass”."
84,The Talented Mr Ripley,Patricia Highsmith,OL59434W,4,"In her five novels about conman Tom Ripley, Highsmith created a character both morally repugnant and undeniably sympathetic. Ripley is a ruthless, sinister social climber, and yet it is impossible not to root for him in this tale of glamour and greed set on Italy’s Amalfi coast. A film-maker’s favourite, Ripley has been played by Matt Damon, John Malkovich and most recently by Andrew Scott."
85,The Vegetarian,Han Kang,OL17334243W,4,"Deborah Smith’s translation introduced the Korean author to western audiences, winning the International Booker prize in 2016. The tripartite story centres on a woman who refuses to eat meat after a series of violent dreams, and is ultimately admitted to an asylum. Han would go on to win the Nobel prize in literature in 2024."
86,The Turn of the Screw,Henry James,OL276386W,4,"When a governess is sent to an isolated country house to look after two orphans, she becomes convinced that evil spirits are haunting her charges. A classic ghost story, James’s claustrophobic tale was inspired by a story told to him by the Archbishop of Canterbury. James described it as a “shameless potboiler”, but his eerie and ambiguous novella has inspired many spin-offs, from Benjamin Britten’s 1954 opera to 1961 film The Innocents, on which Truman Capote worked as a screenwriter."
87,The Line of Beauty,Alan Hollinghurst,OL1993508W,4,"After moving to London to do a PhD on Henry James, small-town boy Nick Guest is embraced – up to a point – by the glamorous Fedden family, and thrust into a world of fine art, cocaine and Tory politics. Hollinghurst paints a discomfiting portrait of an outsider in a world of privilege, and brilliantly conjures the excess and hypocrisy of England in the 80s – complete with a surprising cameo from Margaret Thatcher."
88,Ragtime,EL Doctorow,OL55239W,4,"Set in the melting pot of jazz-era New York, with real figures – Henry Ford, JP Morgan, Harry Houdini – mingling with three fictional families, one Black, one Jewish, one white. This is a historical novel that brings the past roaring back to life; Barack Obama once called Doctorow his favourite author after Shakespeare."
89,The Left Hand of Darkness,Ursula K Le Guin,OL59800W,4,"A traveller to an icebound planet finds a society without gender: the inhabitants of Gethen are androgynous, only taking on either male or female sexual attributes when they enter a window of fertility. A groundbreaking feminist thought experiment from one of fantasy’s most interesting and humane voices."
90,Jacob's Room,Virginia Woolf,OL39329W,3,"Impressionistic and fragmentary, Jacob’s Room was the first of Woolf’s experimental novels. Piecing together the life of Jacob Flanders through conversations, memories and the perceptions of others, the novel traces his young life from childhood to Cambridge and on to London. Seen as an elegy for her brother Thoby, who died of typhoid aged 26, it raises questions about the futility of war and the impossibility of knowing another person. In her diaries, Woolf noted, “I think Jacob was a necessary step for me, in working free.”"
91,Life and Fate,Vasily Grossman,OL157104W,3,"Ukrainian Jewish journalist Grossman was a witness to the battle of Stalingrad and the Nazi extermination camps; written in 1959, his epic of life on the eastern front during the second world war, suppressed by the regime and smuggled to the west after his death, is widely seen as the Soviet War and Peace."
92,Sentimental Education,Gustave Flaubert,OL893802W,3,"The initial reception for Sentimental Education was damning: critics attacked its loose structure and perceived lack of plot; Henry James dismissed it as “elaborately and massively dreary”. It has since been recognised as one of Flaubert’s most innovative works, tracing a young man’s unfulfilled love and drifting ambitions in mid-19th century France, in a portrait of disillusionment and emotional inertia."
93,Invisible Cities,Italo Calvino,OL15297W,3,"The 13th-century Venetian explorer Marco Polo spins gorgeous prose poems about 55 fictional cities for Chinese emperor Kublai Khan – but why does he never mention his home town? “Every time I describe a city I am saying something about Venice.” There’s a rigorous mathematical pattern behind these playful meditations on art, belonging, culture and imagination: Calvino described the novel as a polyhedron."
94,The Known World,Edward P Jones,OL4112928W,3,"Written by a debut American novelist who had struggled with poverty and homelessness, this historical epic set in the antebellum south, about a freed Black man who becomes an enslaver himself, won a Pulitzer for its powerful storytelling and complex moral vision."
95,The Return of the Native,Thomas Hardy,OL44994W,3,Missed encounters and misunderstandings plague the young couples in this lyrical tragedy set in a wild area of Hardy’s fictional Wessex where locals make their living from harvesting the spiny gorse. An adder plays an especially fateful role.
96,Pedro Páramo,Juan Rulfo,OL1731119W,3,"Spoiler alert: without this short book from the Mexican author, we might not have had one of the more famous works on this list. Gabriel García Márquez read it in one sitting when it was published; the next day, he began One Hundred Years of Solitude. In this surreal, time-shifting story, a son goes in search of his father, the tyrant Pedro Páramo, in the rural town of Comala, which is now inhabited by ghosts. It was the only novel the enigmatic Rulfo published in his lifetime."
97,Catch-22,Joseph Heller,OL276798W,3,"Heller set his blackly comic satire on the absurdity and futility of war among US bomber crews stationed on an Italian island in the early 1940s. In asking how a sane person can survive insanity, it gave the world a new name for impossible situations – though the original title, Catch-18, was changed to avoid confusion with a now-forgotten novel called Mila 18."
98,The Road,Cormac McCarthy,OL40873W,3,"Unspecified global disaster triggers the end of civilisation; a decade on, the dregs of humanity have descended into cannibalism. A man and his young son make for the coast across a dead America, knowing every moment might be their last. This tale of paternal love and endurance in a terrifyingly bleak post-apocalyptic world powerfully brought home our fragility in the face of climate breakdown."
99,The Go-Between,LP Hartley,OL2047674W,3,"When a repressed middle-aged man discovers a journal from his childhood, he has little idea that within those pages lies a heart-wrenching story of love and its destruction – as well as the key to his arrested development. In his most famous work, author and critic Hartley brilliantly renders a child’s-eye view of adult affairs. The novel inspired a 1971 film version starring Julie Christie and Alan Bates, scripted by Harold Pinter."
100,My Ántonia,Willa Cather,OL12791W,4,"Cather’s best known book is the story of immigrants to Nebraska and an indelible portrait of the midwest in the late 19th century. HL Mencken called the novel “one of the best that any American has done”. The hardships of life on the frontier, the resourcefulness of the people and the central place of migration in the American story are evoked in luminous prose."
