voter,rank,title,author
Freya Johnston,1,Middlemarch,George Eliot
Merve Emre,1,Middlemarch,George Eliot
Sarah Moss,1,Middlemarch,George Eliot
Eimear McBride,1,Middlemarch,George Eliot
Sam Leith,1,Middlemarch,George Eliot
Sandra Newman,1,Middlemarch,George Eliot
Chris Power,1,Middlemarch,George Eliot
Esi Edugyan,1,Middlemarch,George Eliot
Rishi Dastidar,1,Middlemarch,George Eliot
Chloe Aridjis,1,Middlemarch,George Eliot
Blake Morrison,1,Middlemarch,George Eliot
Elif Batuman,1,Middlemarch,George Eliot
Andrew Solomon,1,Middlemarch,George Eliot
John Mullan,1,Middlemarch,George Eliot
Charlotte Mendelson,1,Middlemarch,George Eliot
Lara Feigel,1,Middlemarch,George Eliot
Siri Hustvedt,1,Middlemarch,George Eliot
Geoff Dyer,1,Middlemarch,George Eliot
Adam Roberts,1,Middlemarch,George Eliot
Lorrie Moore,1,Middlemarch,George Eliot
Claire Armitstead,1,Middlemarch,George Eliot
Yiyun Li,1,Middlemarch,George Eliot
Sarah Bakewell,1,Middlemarch,George Eliot
Katherine Rundell,1,Middlemarch,George Eliot
Kathryn Hughes,1,Middlemarch,George Eliot
Maya Jasanoff,1,Middlemarch,George Eliot
Melissa Broder,1,Middlemarch,George Eliot
Ahdaf Soueif,1,Middlemarch,George Eliot
Richard Osman,1,Middlemarch,George Eliot
Ben Markovits,1,Middlemarch,George Eliot
Alex Needham,1,Middlemarch,George Eliot
Tessa Hadley,1,Middlemarch,George Eliot
Jennifer Egan,1,Middlemarch,George Eliot
Xan Brooks,1,Middlemarch,George Eliot
Charlotte Higgins,1,Middlemarch,George Eliot
Justine Jordan,1,Middlemarch,George Eliot
Kieran Goddard,1,Middlemarch,George Eliot
Alex Clark,1,Middlemarch,George Eliot
Houman Barekat,1,Middlemarch,George Eliot
Ian McEwan,1,Middlemarch,George Eliot
Stuart Kelly,1,Middlemarch,George Eliot
Dinah Birch,1,Middlemarch,George Eliot
Marcel Theroux,1,Middlemarch,George Eliot
Sarah Crown,1,Middlemarch,George Eliot
Lisa Allardice,1,Middlemarch,George Eliot
Clare Clark,1,Middlemarch,George Eliot
Aida Edemariam,1,Middlemarch,George Eliot
James Meek,1,Middlemarch,George Eliot
John Lanchester,1,Middlemarch,George Eliot
Tom Crewe,1,Middlemarch,George Eliot
Michael Donkor,1,Middlemarch,George Eliot
Charlotte Northedge,1,Middlemarch,George Eliot
Elizabeth Day,1,Middlemarch,George Eliot
Jem Calder,1,Middlemarch,George Eliot
Lily King,1,Middlemarch,George Eliot
Lauren Elkin,1,Middlemarch,George Eliot
Merve Emre,2,Beloved,Toni Morrison
Kit de Waal,2,Beloved,Toni Morrison
Imogen Russell Williams,2,Beloved,Toni Morrison
Salman Rushdie,2,Beloved,Toni Morrison
Yael van der Wouden,2,Beloved,Toni Morrison
Esi Edugyan,2,Beloved,Toni Morrison
Fiona Sturges,2,Beloved,Toni Morrison
Jude Cook,2,Beloved,Toni Morrison
Nadifa Mohamed,2,Beloved,Toni Morrison
Anne Enright,2,Beloved,Toni Morrison
Jan Carson,2,Beloved,Toni Morrison
Roxane Gay,2,Beloved,Toni Morrison
Bernardine Evaristo,2,Beloved,Toni Morrison
Katharine Viner,2,Beloved,Toni Morrison
Julie Myerson,2,Beloved,Toni Morrison
Siri Hustvedt,2,Beloved,Toni Morrison
Adam Roberts,2,Beloved,Toni Morrison
Candice Carty Williams,2,Beloved,Toni Morrison
Yagnishsing Dawoor,2,Beloved,Toni Morrison
Lorrie Moore,2,Beloved,Toni Morrison
Jacqueline Rose,2,Beloved,Toni Morrison
Douglas Stuart,2,Beloved,Toni Morrison
Katherine Rundell,2,Beloved,Toni Morrison
Natasha Walter,2,Beloved,Toni Morrison
Rebecca Liu,2,Beloved,Toni Morrison
Claire Messud,2,Beloved,Toni Morrison
Uzma Aslam Khan,2,Beloved,Toni Morrison
Ali Smith,2,Beloved,Toni Morrison
Sophie Mackintosh,2,Beloved,Toni Morrison
Justine Jordan,2,Beloved,Toni Morrison
Susanna Rustin,2,Beloved,Toni Morrison
Sara Collins,2,Beloved,Toni Morrison
Tahmima Anam,2,Beloved,Toni Morrison
Lisa Allardice,2,Beloved,Toni Morrison
Arifa Akbar,2,Beloved,Toni Morrison
Aida Edemariam,2,Beloved,Toni Morrison
Charlotte Northedge,2,Beloved,Toni Morrison
Ella Creamer,2,Beloved,Toni Morrison
Liese Spencer,2,Beloved,Toni Morrison
Damian Barr,2,Beloved,Toni Morrison
Lily King,2,Beloved,Toni Morrison
Lauren Elkin,2,Beloved,Toni Morrison
Daisy Johnson,2,Beloved,Toni Morrison
Maggie O’Farrell,3,Ulysses,James Joyce
Merve Emre,3,Ulysses,James Joyce
Jon Day,3,Ulysses,James Joyce
Alberto Manguel,3,Ulysses,James Joyce
Eimear McBride,3,Ulysses,James Joyce
Salman Rushdie,3,Ulysses,James Joyce
Chris Power,3,Ulysses,James Joyce
Yan Lianke,3,Ulysses,James Joyce
Blake Morrison,3,Ulysses,James Joyce
Melissa Harrison,3,Ulysses,James Joyce
Anne Enright,3,Ulysses,James Joyce
John Mullan,3,Ulysses,James Joyce
William Boyd,3,Ulysses,James Joyce
Siri Hustvedt,3,Ulysses,James Joyce
Claire Armitstead,3,Ulysses,James Joyce
Jacqueline Rose,3,Ulysses,James Joyce
Colum McCann,3,Ulysses,James Joyce
Jeet Thayil,3,Ulysses,James Joyce
Kevin Power,3,Ulysses,James Joyce
Elif Shafak,3,Ulysses,James Joyce
Sinéad Gleeson,3,Ulysses,James Joyce
Valeria Luiselli,3,Ulysses,James Joyce
Guy Gunaratne,3,Ulysses,James Joyce
Colm Tóibín,3,Ulysses,James Joyce
Charlotte Higgins,3,Ulysses,James Joyce
Justine Jordan,3,Ulysses,James Joyce
Kieran Goddard,3,Ulysses,James Joyce
Alex Clark,3,Ulysses,James Joyce
Houman Barekat,3,Ulysses,James Joyce
Stephen King,3,Ulysses,James Joyce
Ian McEwan,3,Ulysses,James Joyce
Stuart Kelly,3,Ulysses,James Joyce
Alexandra Harris,3,Ulysses,James Joyce
Ben Okri,3,Ulysses,James Joyce
James Meek,3,Ulysses,James Joyce
John Lanchester,3,Ulysses,James Joyce
Merve Emre,4,To the Lighthouse,Virginia Woolf
Hermione Lee,4,To the Lighthouse,Virginia Woolf
Jon Day,4,To the Lighthouse,Virginia Woolf
Eimear McBride,4,To the Lighthouse,Virginia Woolf
Chris Power,4,To the Lighthouse,Virginia Woolf
Shahidha Bari,4,To the Lighthouse,Virginia Woolf
Juan Gabriel Vasquez,4,To the Lighthouse,Virginia Woolf
Fiona Sampson,4,To the Lighthouse,Virginia Woolf
Andrew Solomon,4,To the Lighthouse,Virginia Woolf
Julie Myerson,4,To the Lighthouse,Virginia Woolf
Lara Feigel,4,To the Lighthouse,Virginia Woolf
Siri Hustvedt,4,To the Lighthouse,Virginia Woolf
Yiyun Li,4,To the Lighthouse,Virginia Woolf
Natasha Walter,4,To the Lighthouse,Virginia Woolf
Jack Edwards,4,To the Lighthouse,Virginia Woolf
Sinéad Gleeson,4,To the Lighthouse,Virginia Woolf
Colm Tóibín,4,To the Lighthouse,Virginia Woolf
Catherine Taylor,4,To the Lighthouse,Virginia Woolf
Ben Markovits,4,To the Lighthouse,Virginia Woolf
Jennifer Egan,4,To the Lighthouse,Virginia Woolf
Kieran Goddard,4,To the Lighthouse,Virginia Woolf
Alex Clark,4,To the Lighthouse,Virginia Woolf
David Nicholls,4,To the Lighthouse,Virginia Woolf
Alexandra Harris,4,To the Lighthouse,Virginia Woolf
Lisa Allardice,4,To the Lighthouse,Virginia Woolf
Jo Hamya,4,To the Lighthouse,Virginia Woolf
Charlotte Northedge,4,To the Lighthouse,Virginia Woolf
Ella Creamer,4,To the Lighthouse,Virginia Woolf
Lily King,4,To the Lighthouse,Virginia Woolf
Saba Sams,4,To the Lighthouse,Virginia Woolf
Doireann Ní Ghríofa,4,To the Lighthouse,Virginia Woolf
Eimear McBride,5,In Search of Lost Time,Marcel Proust
Salman Rushdie,5,In Search of Lost Time,Marcel Proust
Chris Power,5,In Search of Lost Time,Marcel Proust
Juan Gabriel Vasquez,5,In Search of Lost Time,Marcel Proust
Pratinav Anil,5,In Search of Lost Time,Marcel Proust
Yan Lianke,5,In Search of Lost Time,Marcel Proust
Chloe Aridjis,5,In Search of Lost Time,Marcel Proust
Anne Enright,5,In Search of Lost Time,Marcel Proust
Fiona Sampson,5,In Search of Lost Time,Marcel Proust
Steven Poole,5,In Search of Lost Time,Marcel Proust
Elif Batuman,5,In Search of Lost Time,Marcel Proust
Andrew Solomon,5,In Search of Lost Time,Marcel Proust
John Mullan,5,In Search of Lost Time,Marcel Proust
Ian Patterson,5,In Search of Lost Time,Marcel Proust
Olivia Laing,5,In Search of Lost Time,Marcel Proust
Daniel Kehlmann,5,In Search of Lost Time,Marcel Proust
William Boyd,5,In Search of Lost Time,Marcel Proust
Jacqueline Rose,5,In Search of Lost Time,Marcel Proust
Sarah Bakewell,5,In Search of Lost Time,Marcel Proust
Adam Thirlwell,5,In Search of Lost Time,Marcel Proust
Claire Messud,5,In Search of Lost Time,Marcel Proust
Colm Tóibín,5,In Search of Lost Time,Marcel Proust
Charlotte Higgins,5,In Search of Lost Time,Marcel Proust
Alex Clark,5,In Search of Lost Time,Marcel Proust
Ben Okri,5,In Search of Lost Time,Marcel Proust
John Lanchester,5,In Search of Lost Time,Marcel Proust
Lily King,5,In Search of Lost Time,Marcel Proust
Freya Johnston,6,Anna Karenina,Leo Tolstoy
Amanda Craig,6,Anna Karenina,Leo Tolstoy
Eimear McBride,6,Anna Karenina,Leo Tolstoy
Juan Gabriel Vasquez,6,Anna Karenina,Leo Tolstoy
Rishi Dastidar,6,Anna Karenina,Leo Tolstoy
Melissa Harrison,6,Anna Karenina,Leo Tolstoy
Elif Batuman,6,Anna Karenina,Leo Tolstoy
John Mullan,6,Anna Karenina,Leo Tolstoy
Katharine Viner,6,Anna Karenina,Leo Tolstoy
Sarah Waters,6,Anna Karenina,Leo Tolstoy
Lara Feigel,6,Anna Karenina,Leo Tolstoy
Daniel Kehlmann,6,Anna Karenina,Leo Tolstoy
Maya Jasanoff,6,Anna Karenina,Leo Tolstoy
Maya Jaggi,6,Anna Karenina,Leo Tolstoy
Rebecca Liu,6,Anna Karenina,Leo Tolstoy
Ahdaf Soueif,6,Anna Karenina,Leo Tolstoy
Claire Messud,6,Anna Karenina,Leo Tolstoy
Sara Collins,6,Anna Karenina,Leo Tolstoy
Ian McEwan,6,Anna Karenina,Leo Tolstoy
Dinah Birch,6,Anna Karenina,Leo Tolstoy
Tahmima Anam,6,Anna Karenina,Leo Tolstoy
Diana Evans,6,Anna Karenina,Leo Tolstoy
Clare Clark,6,Anna Karenina,Leo Tolstoy
Arifa Akbar,6,Anna Karenina,Leo Tolstoy
Jo Hamya,6,Anna Karenina,Leo Tolstoy
Tom Crewe,6,Anna Karenina,Leo Tolstoy
Chris Power,7,War and Peace,Leo Tolstoy
Yan Lianke,7,War and Peace,Leo Tolstoy
Andrew Solomon,7,War and Peace,Leo Tolstoy
Christobel Kent,7,War and Peace,Leo Tolstoy
Charlotte Mendelson,7,War and Peace,Leo Tolstoy
Lara Feigel,7,War and Peace,Leo Tolstoy
Daniel Kehlmann,7,War and Peace,Leo Tolstoy
Geoff Dyer,7,War and Peace,Leo Tolstoy
Claire Armitstead,7,War and Peace,Leo Tolstoy
Yiyun Li,7,War and Peace,Leo Tolstoy
Sarah Bakewell,7,War and Peace,Leo Tolstoy
Natasha Walter,7,War and Peace,Leo Tolstoy
Adam Thirlwell,7,War and Peace,Leo Tolstoy
Chigozie Obioma,7,War and Peace,Leo Tolstoy
Tessa Hadley,7,War and Peace,Leo Tolstoy
Marcel Theroux,7,War and Peace,Leo Tolstoy
Maaza Mengiste,7,War and Peace,Leo Tolstoy
Ben Okri,7,War and Peace,Leo Tolstoy
John Lanchester,7,War and Peace,Leo Tolstoy
Jem Calder,7,War and Peace,Leo Tolstoy
Maggie O’Farrell,8,Jane Eyre,Charlotte Brontë
Kit de Waal,8,Jane Eyre,Charlotte Brontë
Sarah Moss,8,Jane Eyre,Charlotte Brontë
Imogen Russell Williams,8,Jane Eyre,Charlotte Brontë
Fiona Sturges,8,Jane Eyre,Charlotte Brontë
Sarah Churchwell,8,Jane Eyre,Charlotte Brontë
Blake Morrison,8,Jane Eyre,Charlotte Brontë
Rachel Kushner,8,Jane Eyre,Charlotte Brontë
Elif Batuman,8,Jane Eyre,Charlotte Brontë
Katharine Viner,8,Jane Eyre,Charlotte Brontë
Lara Feigel,8,Jane Eyre,Charlotte Brontë
Claire Armitstead,8,Jane Eyre,Charlotte Brontë
Kathryn Hughes,8,Jane Eyre,Charlotte Brontë
Lisa Tuttle,8,Jane Eyre,Charlotte Brontë
Matt Haig,8,Jane Eyre,Charlotte Brontë
Sophie Mackintosh,8,Jane Eyre,Charlotte Brontë
Tessa Hadley,8,Jane Eyre,Charlotte Brontë
Susanna Rustin,8,Jane Eyre,Charlotte Brontë
Dinah Birch,8,Jane Eyre,Charlotte Brontë
Tahmima Anam,8,Jane Eyre,Charlotte Brontë
Doireann Ní Ghríofa,8,Jane Eyre,Charlotte Brontë
Meg Rosoff,9,Pride and Prejudice,Jane Austen
Yael van der Wouden,9,Pride and Prejudice,Jane Austen
Esi Edugyan,9,Pride and Prejudice,Jane Austen
Yan Lianke,9,Pride and Prejudice,Jane Austen
Sarah Churchwell,9,Pride and Prejudice,Jane Austen
Steven Poole,9,Pride and Prejudice,Jane Austen
Lucy Knight,9,Pride and Prejudice,Jane Austen
John Mullan,9,Pride and Prejudice,Jane Austen
Siri Hustvedt,9,Pride and Prejudice,Jane Austen
Michael Chabon,9,Pride and Prejudice,Jane Austen
Kathryn Hughes,9,Pride and Prejudice,Jane Austen
Ahdaf Soueif,9,Pride and Prejudice,Jane Austen
Parinoush Saniee,9,Pride and Prejudice,Jane Austen
Jennifer Egan,9,Pride and Prejudice,Jane Austen
Sara Collins,9,Pride and Prejudice,Jane Austen
Ian McEwan,9,Pride and Prejudice,Jane Austen
Marcel Theroux,9,Pride and Prejudice,Jane Austen
Ben Okri,9,Pride and Prejudice,Jane Austen
Elizabeth Day,9,Pride and Prejudice,Jane Austen
Lily King,9,Pride and Prejudice,Jane Austen
Freya Johnston,10,Madame Bovary,Gustave Flaubert
Kit de Waal,10,Madame Bovary,Gustave Flaubert
Juan Gabriel Vasquez,10,Madame Bovary,Gustave Flaubert
Yan Lianke,10,Madame Bovary,Gustave Flaubert
Anne Enright,10,Madame Bovary,Gustave Flaubert
John Mullan,10,Madame Bovary,Gustave Flaubert
Kevin Power,10,Madame Bovary,Gustave Flaubert
Melissa Broder,10,Madame Bovary,Gustave Flaubert
Elif Shafak,10,Madame Bovary,Gustave Flaubert
Rebecca Liu,10,Madame Bovary,Gustave Flaubert
Laura Wilson,10,Madame Bovary,Gustave Flaubert
Claire Messud,10,Madame Bovary,Gustave Flaubert
Tessa Hadley,10,Madame Bovary,Gustave Flaubert
Houman Barekat,10,Madame Bovary,Gustave Flaubert
Stephen King,10,Madame Bovary,Gustave Flaubert
Ian McEwan,10,Madame Bovary,Gustave Flaubert
Marcel Theroux,10,Madame Bovary,Gustave Flaubert
Clare Clark,10,Madame Bovary,Gustave Flaubert
Michael Donkor,10,Madame Bovary,Gustave Flaubert
Amanda Craig,11,The Great Gatsby,F Scott Fitzgerald
Sam Leith,11,The Great Gatsby,F Scott Fitzgerald
Sarah Churchwell,11,The Great Gatsby,F Scott Fitzgerald
Blake Morrison,11,The Great Gatsby,F Scott Fitzgerald
Lucy Knight,11,The Great Gatsby,F Scott Fitzgerald
Rachel Kushner,11,The Great Gatsby,F Scott Fitzgerald
Amit Chaudhuri,11,The Great Gatsby,F Scott Fitzgerald
Christobel Kent,11,The Great Gatsby,F Scott Fitzgerald
Julie Myerson,11,The Great Gatsby,F Scott Fitzgerald
Derek Owusu,11,The Great Gatsby,F Scott Fitzgerald
Lisa Tuttle,11,The Great Gatsby,F Scott Fitzgerald
Xan Brooks,11,The Great Gatsby,F Scott Fitzgerald
Tahmima Anam,11,The Great Gatsby,F Scott Fitzgerald
David Nicholls,11,The Great Gatsby,F Scott Fitzgerald
Marcel Theroux,11,The Great Gatsby,F Scott Fitzgerald
Clare Clark,11,The Great Gatsby,F Scott Fitzgerald
Aida Edemariam,11,The Great Gatsby,F Scott Fitzgerald
Charlotte Northedge,11,The Great Gatsby,F Scott Fitzgerald
Emma Loffhagen,11,The Great Gatsby,F Scott Fitzgerald
RF Kuang,11,The Great Gatsby,F Scott Fitzgerald
Jon Day,12,Bleak House,Charles Dickens
Jude Cook,12,Bleak House,Charles Dickens
Sarah Waters,12,Bleak House,Charles Dickens
Charlotte Mendelson,12,Bleak House,Charles Dickens
Olivia Laing,12,Bleak House,Charles Dickens
PD Smith,12,Bleak House,Charles Dickens
Lara Feigel,12,Bleak House,Charles Dickens
Siri Hustvedt,12,Bleak House,Charles Dickens
Adam Roberts,12,Bleak House,Charles Dickens
Kathryn Hughes,12,Bleak House,Charles Dickens
Maya Jasanoff,12,Bleak House,Charles Dickens
Lisa Tuttle,12,Bleak House,Charles Dickens
Xan Brooks,12,Bleak House,Charles Dickens
Charlotte Higgins,12,Bleak House,Charles Dickens
Susanna Rustin,12,Bleak House,Charles Dickens
Mark Haddon,12,Bleak House,Charles Dickens
David Nicholls,12,Bleak House,Charles Dickens
Ian Rankin,12,Bleak House,Charles Dickens
Naoise Dolan,12,Bleak House,Charles Dickens
Sarah Churchwell,13,Emma,Jane Austen
Blake Morrison,13,Emma,Jane Austen
John Mullan,13,Emma,Jane Austen
Ian Patterson,13,Emma,Jane Austen
William Boyd,13,Emma,Jane Austen
Lorrie Moore,13,Emma,Jane Austen
Claire Armitstead,13,Emma,Jane Austen
Katherine Rundell,13,Emma,Jane Austen
Jack Edwards,13,Emma,Jane Austen
Laura Wilson,13,Emma,Jane Austen
Ali Smith,13,Emma,Jane Austen
Charlotte Higgins,13,Emma,Jane Austen
Susanna Rustin,13,Emma,Jane Austen
Clare Clark,13,Emma,Jane Austen
Aida Edemariam,13,Emma,Jane Austen
Liese Spencer,13,Emma,Jane Austen
Emma Loffhagen,13,Emma,Jane Austen
Naoise Dolan,13,Emma,Jane Austen
Sarah Moss,14,Mrs Dalloway,Virginia Woolf
Sandra Newman,14,Mrs Dalloway,Virginia Woolf
John Self,14,Mrs Dalloway,Virginia Woolf
Kevin Power,14,Mrs Dalloway,Virginia Woolf
Maya Jasanoff,14,Mrs Dalloway,Virginia Woolf
Melissa Broder,14,Mrs Dalloway,Virginia Woolf
Claire Messud,14,Mrs Dalloway,Virginia Woolf
Samantha Harvey,14,Mrs Dalloway,Virginia Woolf
Susanna Rustin,14,Mrs Dalloway,Virginia Woolf
Houman Barekat,14,Mrs Dalloway,Virginia Woolf
Lisa Allardice,14,Mrs Dalloway,Virginia Woolf
Clare Clark,14,Mrs Dalloway,Virginia Woolf
Aida Edemariam,14,Mrs Dalloway,Virginia Woolf
Michael Donkor,14,Mrs Dalloway,Virginia Woolf
Liese Spencer,14,Mrs Dalloway,Virginia Woolf
Lily King,14,Mrs Dalloway,Virginia Woolf
Lauren Elkin,14,Mrs Dalloway,Virginia Woolf
Doireann Ní Ghríofa,14,Mrs Dalloway,Virginia Woolf
Tanjll Rashid,15,Moby-Dick,Herman Melville
Alberto Manguel,15,Moby-Dick,Herman Melville
Eimear McBride,15,Moby-Dick,Herman Melville
Sam Leith,15,Moby-Dick,Herman Melville
Chris Power,15,Moby-Dick,Herman Melville
Chloe Aridjis,15,Moby-Dick,Herman Melville
Sarah Churchwell,15,Moby-Dick,Herman Melville
Anne Enright,15,Moby-Dick,Herman Melville
Steven Poole,15,Moby-Dick,Herman Melville
Rachel Kushner,15,Moby-Dick,Herman Melville
Siri Hustvedt,15,Moby-Dick,Herman Melville
Michael Chabon,15,Moby-Dick,Herman Melville
Claire Armitstead,15,Moby-Dick,Herman Melville
Yiyun Li,15,Moby-Dick,Herman Melville
Stephen King,15,Moby-Dick,Herman Melville
Stuart Kelly,15,Moby-Dick,Herman Melville
Ben Okri,15,Moby-Dick,Herman Melville
John Lanchester,15,Moby-Dick,Herman Melville
Meg Rosoff,16,Nineteen Eighty-Four,George Orwell
Alberto Manguel,16,Nineteen Eighty-Four,George Orwell
Eimear McBride,16,Nineteen Eighty-Four,George Orwell
Esi Edugyan,16,Nineteen Eighty-Four,George Orwell
Blake Morrison,16,Nineteen Eighty-Four,George Orwell
Beejay Silcox,16,Nineteen Eighty-Four,George Orwell
Sian Cain,16,Nineteen Eighty-Four,George Orwell
Candice Carty Williams,16,Nineteen Eighty-Four,George Orwell
Colum McCann,16,Nineteen Eighty-Four,George Orwell
Sarah Bakewell,16,Nineteen Eighty-Four,George Orwell
Jack Edwards,16,Nineteen Eighty-Four,George Orwell
Valeria Luiselli,16,Nineteen Eighty-Four,George Orwell
Laura Wilson,16,Nineteen Eighty-Four,George Orwell
Parinoush Saniee,16,Nineteen Eighty-Four,George Orwell
Catherine Taylor,16,Nineteen Eighty-Four,George Orwell
Sara Collins,16,Nineteen Eighty-Four,George Orwell
Marcel Theroux,16,Nineteen Eighty-Four,George Orwell
Dorian Lynskey,16,Nineteen Eighty-Four,George Orwell
Arifa Akbar,16,Nineteen Eighty-Four,George Orwell
Alberto Manguel,17,One Hundred Years of Solitude,Gabriel García Márquez
Salman Rushdie,17,One Hundred Years of Solitude,Gabriel García Márquez
Juan Gabriel Vasquez,17,One Hundred Years of Solitude,Gabriel García Márquez
Sarah Waters,17,One Hundred Years of Solitude,Gabriel García Márquez
Yagnishsing Dawoor,17,One Hundred Years of Solitude,Gabriel García Márquez
Claire Armitstead,17,One Hundred Years of Solitude,Gabriel García Márquez
Jeet Thayil,17,One Hundred Years of Solitude,Gabriel García Márquez
David Diop,17,One Hundred Years of Solitude,Gabriel García Márquez
Elif Shafak,17,One Hundred Years of Solitude,Gabriel García Márquez
Ahdaf Soueif,17,One Hundred Years of Solitude,Gabriel García Márquez
Richard Osman,17,One Hundred Years of Solitude,Gabriel García Márquez
Valeria Luiselli,17,One Hundred Years of Solitude,Gabriel García Márquez
Colm Tóibín,17,One Hundred Years of Solitude,Gabriel García Márquez
Parinoush Saniee,17,One Hundred Years of Solitude,Gabriel García Márquez
Ben Okri,17,One Hundred Years of Solitude,Gabriel García Márquez
Michael Donkor,17,One Hundred Years of Solitude,Gabriel García Márquez
RF Kuang,17,One Hundred Years of Solitude,Gabriel García Márquez
Daisy Johnson,17,One Hundred Years of Solitude,Gabriel García Márquez
Freya Johnston,18,Persuasion,Jane Austen
Amanda Craig,18,Persuasion,Jane Austen
Sarah Moss,18,Persuasion,Jane Austen
Shahidha Bari,18,Persuasion,Jane Austen
Samantha Ellis,18,Persuasion,Jane Austen
Olivia Laing,18,Persuasion,Jane Austen
Yiyun Li,18,Persuasion,Jane Austen
Lisa Tuttle,18,Persuasion,Jane Austen
Tessa Hadley,18,Persuasion,Jane Austen
Justine Jordan,18,Persuasion,Jane Austen
Dinah Birch,18,Persuasion,Jane Austen
Tahmima Anam,18,Persuasion,Jane Austen
David Nicholls,18,Persuasion,Jane Austen
Lisa Allardice,18,Persuasion,Jane Austen
Charlotte Northedge,18,Persuasion,Jane Austen
Jem Calder,18,Persuasion,Jane Austen
Lily King,18,Persuasion,Jane Austen
Sam Leith,19,"The Life and Opinions of Tristram Shandy, Gentleman",Laurence Sterne
Sandra Newman,19,"The Life and Opinions of Tristram Shandy, Gentleman",Laurence Sterne
Rishi Dastidar,19,"The Life and Opinions of Tristram Shandy, Gentleman",Laurence Sterne
Blake Morrison,19,"The Life and Opinions of Tristram Shandy, Gentleman",Laurence Sterne
John Mullan,19,"The Life and Opinions of Tristram Shandy, Gentleman",Laurence Sterne
Ian Patterson,19,"The Life and Opinions of Tristram Shandy, Gentleman",Laurence Sterne
William Boyd,19,"The Life and Opinions of Tristram Shandy, Gentleman",Laurence Sterne
Colum McCann,19,"The Life and Opinions of Tristram Shandy, Gentleman",Laurence Sterne
Sarah Bakewell,19,"The Life and Opinions of Tristram Shandy, Gentleman",Laurence Sterne
Sukhdev Sandhu,19,"The Life and Opinions of Tristram Shandy, Gentleman",Laurence Sterne
Adam Thirlwell,19,"The Life and Opinions of Tristram Shandy, Gentleman",Laurence Sterne
Jennifer Egan,19,"The Life and Opinions of Tristram Shandy, Gentleman",Laurence Sterne
Nina Stibbe,19,"The Life and Opinions of Tristram Shandy, Gentleman",Laurence Sterne
Charlotte Higgins,19,"The Life and Opinions of Tristram Shandy, Gentleman",Laurence Sterne
Stuart Kelly,19,"The Life and Opinions of Tristram Shandy, Gentleman",Laurence Sterne
Alexandra Harris,19,"The Life and Opinions of Tristram Shandy, Gentleman",Laurence Sterne
Liese Spencer,19,"The Life and Opinions of Tristram Shandy, Gentleman",Laurence Sterne
Eimear McBride,20,Wuthering Heights,Emily Brontë
John Boyne,20,Wuthering Heights,Emily Brontë
Nina Allan,20,Wuthering Heights,Emily Brontë
Shahidha Bari,20,Wuthering Heights,Emily Brontë
Sarah Churchwell,20,Wuthering Heights,Emily Brontë
Samantha Ellis,20,Wuthering Heights,Emily Brontë
Jan Carson,20,Wuthering Heights,Emily Brontë
Joanne Harris,20,Wuthering Heights,Emily Brontë
Julie Myerson,20,Wuthering Heights,Emily Brontë
William Boyd,20,Wuthering Heights,Emily Brontë
Siri Hustvedt,20,Wuthering Heights,Emily Brontë
Kate Mosse,20,Wuthering Heights,Emily Brontë
Matt Haig,20,Wuthering Heights,Emily Brontë
Arifa Akbar,20,Wuthering Heights,Emily Brontë
Doireann Ní Ghríofa,20,Wuthering Heights,Emily Brontë
Merve Emre,21,The Portrait of a Lady,Henry James
Hermione Lee,21,The Portrait of a Lady,Henry James
Sam Leith,21,The Portrait of a Lady,Henry James
Pratinav Anil,21,The Portrait of a Lady,Henry James
Sarah Churchwell,21,The Portrait of a Lady,Henry James
Elif Batuman,21,The Portrait of a Lady,Henry James
Andrew Solomon,21,The Portrait of a Lady,Henry James
Lara Feigel,21,The Portrait of a Lady,Henry James
Geoff Dyer,21,The Portrait of a Lady,Henry James
Kevin Power,21,The Portrait of a Lady,Henry James
Ben Markovits,21,The Portrait of a Lady,Henry James
Charlotte Higgins,21,The Portrait of a Lady,Henry James
Susanna Rustin,21,The Portrait of a Lady,Henry James
David Nicholls,21,The Portrait of a Lady,Henry James
Lisa Allardice,21,The Portrait of a Lady,Henry James
Jem Calder,21,The Portrait of a Lady,Henry James
Mazen Maarouf,22,Things Fall Apart,Chinua Achebe
Sarah Waters,22,Things Fall Apart,Chinua Achebe
Adam Roberts,22,Things Fall Apart,Chinua Achebe
Claire Armitstead,22,Things Fall Apart,Chinua Achebe
Derek Owusu,22,Things Fall Apart,Chinua Achebe
Natasha Walter,22,Things Fall Apart,Chinua Achebe
Claire Messud,22,Things Fall Apart,Chinua Achebe
Ben Markovits,22,Things Fall Apart,Chinua Achebe
Susanna Rustin,22,Things Fall Apart,Chinua Achebe
Alain Mabanckou,22,Things Fall Apart,Chinua Achebe
Tahmima Anam,22,Things Fall Apart,Chinua Achebe
Diana Evans,22,Things Fall Apart,Chinua Achebe
Michael Donkor,22,Things Fall Apart,Chinua Achebe
Emma Loffhagen,22,Things Fall Apart,Chinua Achebe
Tanjll Rashid,23,Midnight's Children,Salman Rushdie
Shahidha Bari,23,Midnight's Children,Salman Rushdie
Rishi Dastidar,23,Midnight's Children,Salman Rushdie
Jan Carson,23,Midnight's Children,Salman Rushdie
Sarah Waters,23,Midnight's Children,Salman Rushdie
Yagnishsing Dawoor,23,Midnight's Children,Salman Rushdie
Jeet Thayil,23,Midnight's Children,Salman Rushdie
Kathryn Hughes,23,Midnight's Children,Salman Rushdie
Sinéad Gleeson,23,Midnight's Children,Salman Rushdie
Justine Jordan,23,Midnight's Children,Salman Rushdie
Sara Collins,23,Midnight's Children,Salman Rushdie
Dinah Birch,23,Midnight's Children,Salman Rushdie
Tahmima Anam,23,Midnight's Children,Salman Rushdie
Jon Day,24,The Remains of the Day,Kazuo Ishiguro
Kit de Waal,24,The Remains of the Day,Kazuo Ishiguro
John Self,24,The Remains of the Day,Kazuo Ishiguro
Julie Myerson,24,The Remains of the Day,Kazuo Ishiguro
Sian Cain,24,The Remains of the Day,Kazuo Ishiguro
Yagnishsing Dawoor,24,The Remains of the Day,Kazuo Ishiguro
Lorrie Moore,24,The Remains of the Day,Kazuo Ishiguro
Joe Dunthorne,24,The Remains of the Day,Kazuo Ishiguro
Laura Wilson,24,The Remains of the Day,Kazuo Ishiguro
Sara Collins,24,The Remains of the Day,Kazuo Ishiguro
Clare Clark,24,The Remains of the Day,Kazuo Ishiguro
Dorian Lynskey,24,The Remains of the Day,Kazuo Ishiguro
RF Kuang,24,The Remains of the Day,Kazuo Ishiguro
Merve Emre,25,Lolita,Vladimir Nabokov
Sam Leith,25,Lolita,Vladimir Nabokov
Rachel Kushner,25,Lolita,Vladimir Nabokov
Lucas Rijneveld,25,Lolita,Vladimir Nabokov
Douglas Stuart,25,Lolita,Vladimir Nabokov
Kevin Power,25,Lolita,Vladimir Nabokov
Melissa Broder,25,Lolita,Vladimir Nabokov
Justine Jordan,25,Lolita,Vladimir Nabokov
Diana Evans,25,Lolita,Vladimir Nabokov
Jo Hamya,25,Lolita,Vladimir Nabokov
Michael Donkor,25,Lolita,Vladimir Nabokov
Elizabeth Day,25,Lolita,Vladimir Nabokov
Saba Sams,25,Lolita,Vladimir Nabokov
Alberto Manguel,26,Don Quixote,Miguel de Cervantes
Salman Rushdie,26,Don Quixote,Miguel de Cervantes
Juan Gabriel Vasquez,26,Don Quixote,Miguel de Cervantes
Yan Lianke,26,Don Quixote,Miguel de Cervantes
Chloe Aridjis,26,Don Quixote,Miguel de Cervantes
Elif Batuman,26,Don Quixote,Miguel de Cervantes
Mazen Maarouf,26,Don Quixote,Miguel de Cervantes
Claire Armitstead,26,Don Quixote,Miguel de Cervantes
Elif Shafak,26,Don Quixote,Miguel de Cervantes
Matt Haig,26,Don Quixote,Miguel de Cervantes
Ben Okri,26,Don Quixote,Miguel de Cervantes
Tanjll Rashid,27,The Trial,Franz Kafka
Salman Rushdie,27,The Trial,Franz Kafka
Elif Batuman,27,The Trial,Franz Kafka
PD Smith,27,The Trial,Franz Kafka
William Boyd,27,The Trial,Franz Kafka
Philippe Sands,27,The Trial,Franz Kafka
David Diop,27,The Trial,Franz Kafka
Adam Thirlwell,27,The Trial,Franz Kafka
Colm Tóibín,27,The Trial,Franz Kafka
Parinoush Saniee,27,The Trial,Franz Kafka
Alain Mabanckou,27,The Trial,Franz Kafka
Chris Power,28,The Brothers Karamazov,Fyodor Dostoevsky
Yan Lianke,28,The Brothers Karamazov,Fyodor Dostoevsky
Chloe Aridjis,28,The Brothers Karamazov,Fyodor Dostoevsky
Steven Poole,28,The Brothers Karamazov,Fyodor Dostoevsky
Douglas Stuart,28,The Brothers Karamazov,Fyodor Dostoevsky
Katherine Rundell,28,The Brothers Karamazov,Fyodor Dostoevsky
Guy Gunaratne,28,The Brothers Karamazov,Fyodor Dostoevsky
Kieran Goddard,28,The Brothers Karamazov,Fyodor Dostoevsky
Ben Okri,28,The Brothers Karamazov,Fyodor Dostoevsky
RF Kuang,28,The Brothers Karamazov,Fyodor Dostoevsky
Nina Allan,29,Pale Fire,Vladimir Nabokov
Steven Poole,29,Pale Fire,Vladimir Nabokov
Elif Batuman,29,Pale Fire,Vladimir Nabokov
William Boyd,29,Pale Fire,Vladimir Nabokov
Jeet Thayil,29,Pale Fire,Vladimir Nabokov
Alex Needham,29,Pale Fire,Vladimir Nabokov
Xan Brooks,29,Pale Fire,Vladimir Nabokov
Houman Barekat,29,Pale Fire,Vladimir Nabokov
Sarah Crown,29,Pale Fire,Vladimir Nabokov
RF Kuang,29,Pale Fire,Vladimir Nabokov
Alberto Manguel,30,Frankenstein,Mary Shelley
Chloe Aridjis,30,Frankenstein,Mary Shelley
Fiona Sampson,30,Frankenstein,Mary Shelley
Steven Poole,30,Frankenstein,Mary Shelley
Beejay Silcox,30,Frankenstein,Mary Shelley
Sian Cain,30,Frankenstein,Mary Shelley
Lucas Rijneveld,30,Frankenstein,Mary Shelley
Kate Mosse,30,Frankenstein,Mary Shelley
Katherine Rundell,30,Frankenstein,Mary Shelley
Arifa Akbar,30,Frankenstein,Mary Shelley
John Self,31,The Prime of Miss Jean Brodie,Muriel Spark
Fiona Sturges,31,The Prime of Miss Jean Brodie,Muriel Spark
Sinéad Gleeson,31,The Prime of Miss Jean Brodie,Muriel Spark
Ali Smith,31,The Prime of Miss Jean Brodie,Muriel Spark
David Nicholls,31,The Prime of Miss Jean Brodie,Muriel Spark
Lisa Allardice,31,The Prime of Miss Jean Brodie,Muriel Spark
Liese Spencer,31,The Prime of Miss Jean Brodie,Muriel Spark
Damian Barr,31,The Prime of Miss Jean Brodie,Muriel Spark
Saba Sams,31,The Prime of Miss Jean Brodie,Muriel Spark
Ian Rankin,31,The Prime of Miss Jean Brodie,Muriel Spark
Nadifa Mohamed,32,The God of Small Things,Arundhati Roy
Yagnishsing Dawoor,32,The God of Small Things,Arundhati Roy
Jack Edwards,32,The God of Small Things,Arundhati Roy
Uzma Aslam Khan,32,The God of Small Things,Arundhati Roy
Nina Stibbe,32,The God of Small Things,Arundhati Roy
Diana Evans,32,The God of Small Things,Arundhati Roy
Charlotte Northedge,32,The God of Small Things,Arundhati Roy
Emma Loffhagen,32,The God of Small Things,Arundhati Roy
Saba Sams,32,The God of Small Things,Arundhati Roy
Daisy Johnson,32,The God of Small Things,Arundhati Roy
Maggie O’Farrell,33,David Copperfield,Charles Dickens
Freya Johnston,33,David Copperfield,Charles Dickens
John Boyne,33,David Copperfield,Charles Dickens
Sarah Churchwell,33,David Copperfield,Charles Dickens
Katharine Viner,33,David Copperfield,Charles Dickens
Charlotte Mendelson,33,David Copperfield,Charles Dickens
Ali Smith,33,David Copperfield,Charles Dickens
Nina Stibbe,33,David Copperfield,Charles Dickens
Dinah Birch,33,David Copperfield,Charles Dickens
Marcel Theroux,33,David Copperfield,Charles Dickens
Meg Rosoff,34,Wolf Hall,Hilary Mantel
Sarah Moss,34,Wolf Hall,Hilary Mantel
Sandra Newman,34,Wolf Hall,Hilary Mantel
Fiona Sturges,34,Wolf Hall,Hilary Mantel
Samantha Ellis,34,Wolf Hall,Hilary Mantel
Katherine Rundell,34,Wolf Hall,Hilary Mantel
Justine Jordan,34,Wolf Hall,Hilary Mantel
Maaza Mengiste,34,Wolf Hall,Hilary Mantel
Clare Clark,34,Wolf Hall,Hilary Mantel
RF Kuang,34,Wolf Hall,Hilary Mantel
Amanda Craig,35,Great Expectations,Charles Dickens
Kit de Waal,35,Great Expectations,Charles Dickens
Salman Rushdie,35,Great Expectations,Charles Dickens
John Mullan,35,Great Expectations,Charles Dickens
Geoff Dyer,35,Great Expectations,Charles Dickens
Ahdaf Soueif,35,Great Expectations,Charles Dickens
Laura Wilson,35,Great Expectations,Charles Dickens
Liese Spencer,35,Great Expectations,Charles Dickens
Elizabeth Day,35,Great Expectations,Charles Dickens
Fiona Sturges,36,The Handmaid's Tale,Margaret Atwood
Anne Enright,36,The Handmaid's Tale,Margaret Atwood
Beejay Silcox,36,The Handmaid's Tale,Margaret Atwood
Sian Cain,36,The Handmaid's Tale,Margaret Atwood
Lisa Tuttle,36,The Handmaid's Tale,Margaret Atwood
Sara Collins,36,The Handmaid's Tale,Margaret Atwood
Lisa Allardice,36,The Handmaid's Tale,Margaret Atwood
Arifa Akbar,36,The Handmaid's Tale,Margaret Atwood
Charlotte Northedge,36,The Handmaid's Tale,Margaret Atwood
Merve Emre,37,Invisible Man,Ralph Ellison
Sandra Newman,37,Invisible Man,Ralph Ellison
Rachel Kushner,37,Invisible Man,Ralph Ellison
Derek Owusu,37,Invisible Man,Ralph Ellison
Jennifer Egan,37,Invisible Man,Ralph Ellison
Xan Brooks,37,Invisible Man,Ralph Ellison
Alex Clark,37,Invisible Man,Ralph Ellison
Sara Collins,37,Invisible Man,Ralph Ellison
Ben Okri,37,Invisible Man,Ralph Ellison
Salman Rushdie,38,The Age of Innocence,Edith Wharton
Sandra Newman,38,The Age of Innocence,Edith Wharton
Jude Cook,38,The Age of Innocence,Edith Wharton
Roxane Gay,38,The Age of Innocence,Edith Wharton
Sian Cain,38,The Age of Innocence,Edith Wharton
Geoff Dyer,38,The Age of Innocence,Edith Wharton
Melissa Broder,38,The Age of Innocence,Edith Wharton
Colm Tóibín,38,The Age of Innocence,Edith Wharton
Dorian Lynskey,38,The Age of Innocence,Edith Wharton
Nikesh Shukla,39,Their Eyes Were Watching God,Zora Neale Hurston
Bernardine Evaristo,39,Their Eyes Were Watching God,Zora Neale Hurston
Lara Feigel,39,Their Eyes Were Watching God,Zora Neale Hurston
Jacqueline Rose,39,Their Eyes Were Watching God,Zora Neale Hurston
Sinéad Gleeson,39,Their Eyes Were Watching God,Zora Neale Hurston
Ella Creamer,39,Their Eyes Were Watching God,Zora Neale Hurston
Emma Loffhagen,39,Their Eyes Were Watching God,Zora Neale Hurston
Damian Barr,39,Their Eyes Were Watching God,Zora Neale Hurston
Colum McCann,40,Song of Solomon,Toni Morrison
Guy Gunaratne,40,Song of Solomon,Toni Morrison
Dinah Birch,40,Song of Solomon,Toni Morrison
Diana Evans,40,Song of Solomon,Toni Morrison
Maaza Mengiste,40,Song of Solomon,Toni Morrison
Ian Rankin,40,Song of Solomon,Toni Morrison
Naoise Dolan,40,Song of Solomon,Toni Morrison
Sam Leith,41,Heart of Darkness,Joseph Conrad
Juan Gabriel Vasquez,41,Heart of Darkness,Joseph Conrad
Chloe Aridjis,41,Heart of Darkness,Joseph Conrad
Derek Owusu,41,Heart of Darkness,Joseph Conrad
Kevin Power,41,Heart of Darkness,Joseph Conrad
Maya Jasanoff,41,Heart of Darkness,Joseph Conrad
Dorian Lynskey,41,Heart of Darkness,Joseph Conrad
Eimear McBride,42,The Magic Mountain,Thomas Mann
Pratinav Anil,42,The Magic Mountain,Thomas Mann
Chloe Aridjis,42,The Magic Mountain,Thomas Mann
Daniel Kehlmann,42,The Magic Mountain,Thomas Mann
Sarah Bakewell,42,The Magic Mountain,Thomas Mann
Ian McEwan,42,The Magic Mountain,Thomas Mann
James Meek,42,The Magic Mountain,Thomas Mann
Merve Emre,43,Housekeeping,Marilynne Robinson
Sarah Waters,43,Housekeeping,Marilynne Robinson
Yiyun Li,43,Housekeeping,Marilynne Robinson
Joe Dunthorne,43,Housekeeping,Marilynne Robinson
Kieran Goddard,43,Housekeeping,Marilynne Robinson
David Nicholls,43,Housekeeping,Marilynne Robinson
Liese Spencer,43,Housekeeping,Marilynne Robinson
Benjamin Myers,44,Giovanni's Room,James Baldwin
Charlotte Mendelson,44,Giovanni's Room,James Baldwin
Richard Osman,44,Giovanni's Room,James Baldwin
Guy Gunaratne,44,Giovanni's Room,James Baldwin
Sophie Mackintosh,44,Giovanni's Room,James Baldwin
Damian Barr,44,Giovanni's Room,James Baldwin
Naoise Dolan,44,Giovanni's Room,James Baldwin
Lara Feigel,45,The Golden Notebook,Doris Lessing
Natasha Walter,45,The Golden Notebook,Doris Lessing
Lisa Tuttle,45,The Golden Notebook,Doris Lessing
Rebecca Liu,45,The Golden Notebook,Doris Lessing
Alex Needham,45,The Golden Notebook,Doris Lessing
Alex Clark,45,The Golden Notebook,Doris Lessing
Saba Sams,45,The Golden Notebook,Doris Lessing
Tanjll Rashid,46,The Leopard,Giuseppe Tomasi di Lampedusa
Christobel Kent,46,The Leopard,Giuseppe Tomasi di Lampedusa
Olivia Laing,46,The Leopard,Giuseppe Tomasi di Lampedusa
Ahdaf Soueif,46,The Leopard,Giuseppe Tomasi di Lampedusa
David Shariatmadari,46,The Leopard,Giuseppe Tomasi di Lampedusa
John Lanchester,46,The Leopard,Giuseppe Tomasi di Lampedusa
Amanda Craig,47,Vanity Fair,William Makepeace Thackeray
Rishi Dastidar,47,Vanity Fair,William Makepeace Thackeray
Jude Cook,47,Vanity Fair,William Makepeace Thackeray
Christobel Kent,47,Vanity Fair,William Makepeace Thackeray
Charlotte Higgins,47,Vanity Fair,William Makepeace Thackeray
Elizabeth Day,47,Vanity Fair,William Makepeace Thackeray
Alberto Manguel,48,The Metamorphosis,Franz Kafka
Chloe Aridjis,48,The Metamorphosis,Franz Kafka
Candice Carty Williams,48,The Metamorphosis,Franz Kafka
Sayaka Murata,48,The Metamorphosis,Franz Kafka
Elif Shafak,48,The Metamorphosis,Franz Kafka
Ian McEwan,48,The Metamorphosis,Franz Kafka
Amanda Craig,49,A Fine Balance,Rohinton Mistry
Nadifa Mohamed,49,A Fine Balance,Rohinton Mistry
Roxane Gay,49,A Fine Balance,Rohinton Mistry
Claire Messud,49,A Fine Balance,Rohinton Mistry
Clare Clark,49,A Fine Balance,Rohinton Mistry
Florence Knapp,49,A Fine Balance,Rohinton Mistry
Nadifa Mohamed,50,Wide Sargasso Sea,Jean Rhys
Anne Enright,50,Wide Sargasso Sea,Jean Rhys
Jack Edwards,50,Wide Sargasso Sea,Jean Rhys
Sara Collins,50,Wide Sargasso Sea,Jean Rhys
Jo Hamya,50,Wide Sargasso Sea,Jean Rhys
Saba Sams,50,Wide Sargasso Sea,Jean Rhys
Samantha Ellis,51,My Brilliant Friend,Elena Ferrante
Douglas Stuart,51,My Brilliant Friend,Elena Ferrante
Natasha Walter,51,My Brilliant Friend,Elena Ferrante
Susanna Rustin,51,My Brilliant Friend,Elena Ferrante
Charlotte Northedge,51,My Brilliant Friend,Elena Ferrante
Ella Creamer,51,My Brilliant Friend,Elena Ferrante
Ian Patterson,52,The Golden Bowl,Henry James
Michael Chabon,52,The Golden Bowl,Henry James
Jacqueline Rose,52,The Golden Bowl,Henry James
Colm Tóibín,52,The Golden Bowl,Henry James
Catherine Taylor,52,The Golden Bowl,Henry James
Esi Edugyan,53,The Transit of Venus,Shirley Hazzard
Charlotte Mendelson,53,The Transit of Venus,Shirley Hazzard
Geoff Dyer,53,The Transit of Venus,Shirley Hazzard
Yiyun Li,53,The Transit of Venus,Shirley Hazzard
David Nicholls,53,The Transit of Venus,Shirley Hazzard
Lily King,53,The Transit of Venus,Shirley Hazzard
Katharine Viner,54,Orlando,Virginia Woolf
Michael Chabon,54,Orlando,Virginia Woolf
Kathryn Hughes,54,Orlando,Virginia Woolf
Adam Thirlwell,54,Orlando,Virginia Woolf
Elif Shafak,54,Orlando,Virginia Woolf
Jude Cook,55,The Waves,Virginia Woolf
Jacqueline Rose,55,The Waves,Virginia Woolf
Guy Gunaratne,55,The Waves,Virginia Woolf
Chigozie Obioma,55,The Waves,Virginia Woolf
Alexandra Harris,55,The Waves,Virginia Woolf
Jude Cook,56,Mansfield Park,Jane Austen
Ben Markovits,56,Mansfield Park,Jane Austen
Alex Needham,56,Mansfield Park,Jane Austen
James Meek,56,Mansfield Park,Jane Austen
Tom Crewe,56,Mansfield Park,Jane Austen
Merve Emre,57,The Sound and the Fury,William Faulkner
Melissa Harrison,57,The Sound and the Fury,William Faulkner
Kevin Power,57,The Sound and the Fury,William Faulkner
Michael Donkor,57,The Sound and the Fury,William Faulkner
Lily King,57,The Sound and the Fury,William Faulkner
Douglas Stuart,58,Disgrace,JM Coetzee
Valeria Luiselli,58,Disgrace,JM Coetzee
Samantha Harvey,58,Disgrace,JM Coetzee
Kieran Goddard,58,Disgrace,JM Coetzee
James Meek,58,Disgrace,JM Coetzee
Lucy Knight,59,Never Let Me Go,Kazuo Ishiguro
Beejay Silcox,59,Never Let Me Go,Kazuo Ishiguro
M. John Harrison,59,Never Let Me Go,Kazuo Ishiguro
Sayaka Murata,59,Never Let Me Go,Kazuo Ishiguro
Charlotte Northedge,59,Never Let Me Go,Kazuo Ishiguro
John Boyne,60,Howards End,EM Forster
Andrew Solomon,60,Howards End,EM Forster
Sarah Bakewell,60,Howards End,EM Forster
David Nicholls,60,Howards End,EM Forster
Elizabeth Day,60,Howards End,EM Forster
Olivia Laing,61,The Rings of Saturn,WG Sebald
Joe Dunthorne,61,The Rings of Saturn,WG Sebald
Guy Gunaratne,61,The Rings of Saturn,WG Sebald
Claire Messud,61,The Rings of Saturn,WG Sebald
Doireann Ní Ghríofa,61,The Rings of Saturn,WG Sebald
Katharine Viner,62,Half of a Yellow Sun,Chimamanda Ngozi Adichie
Yagnishsing Dawoor,62,Half of a Yellow Sun,Chimamanda Ngozi Adichie
Diana Evans,62,Half of a Yellow Sun,Chimamanda Ngozi Adichie
Charlotte Northedge,62,Half of a Yellow Sun,Chimamanda Ngozi Adichie
Emma Loffhagen,62,Half of a Yellow Sun,Chimamanda Ngozi Adichie
Yagnishsing Dawoor,63,White Teeth,Zadie Smith
Yiyun Li,63,White Teeth,Zadie Smith
Jeet Thayil,63,White Teeth,Zadie Smith
Derek Owusu,63,White Teeth,Zadie Smith
Emma Loffhagen,63,White Teeth,Zadie Smith
Anne Enright,64,The Good Soldier,Ford Madox Ford
Steven Poole,64,The Good Soldier,Ford Madox Ford
Lucy Knight,64,The Good Soldier,Ford Madox Ford
Jack Edwards,64,The Good Soldier,Ford Madox Ford
Alexandra Harris,64,The Good Soldier,Ford Madox Ford
Maggie O’Farrell,65,The Color Purple,Alice Walker
Claire Armitstead,65,The Color Purple,Alice Walker
Emma Loffhagen,65,The Color Purple,Alice Walker
Damian Barr,65,The Color Purple,Alice Walker
Salman Rushdie,66,The Master and Margarita,Mikhail Bulgakov
Philippe Sands,66,The Master and Margarita,Mikhail Bulgakov
Elif Shafak,66,The Master and Margarita,Mikhail Bulgakov
Parinoush Saniee,66,The Master and Margarita,Mikhail Bulgakov
Marcel Theroux,66,The Master and Margarita,Mikhail Bulgakov
Ian Patterson,67,The Man Without Qualities,Robert Musil
PD Smith,67,The Man Without Qualities,Robert Musil
Sukhdev Sandhu,67,The Man Without Qualities,Robert Musil
Adam Thirlwell,67,The Man Without Qualities,Robert Musil
Esi Edugyan,68,Blood Meridian,Cormac McCarthy
Joe Dunthorne,68,Blood Meridian,Cormac McCarthy
Chigozie Obioma,68,Blood Meridian,Cormac McCarthy
Xan Brooks,68,Blood Meridian,Cormac McCarthy
Eimear McBride,69,Crime and Punishment,Fyodor Dostoevsky
Juan Gabriel Vasquez,69,Crime and Punishment,Fyodor Dostoevsky
Liese Spencer,69,Crime and Punishment,Fyodor Dostoevsky
Ian Rankin,69,Crime and Punishment,Fyodor Dostoevsky
Chris Power,70,Jude the Obscure,Thomas Hardy
Douglas Stuart,70,Jude the Obscure,Thomas Hardy
Sukhdev Sandhu,70,Jude the Obscure,Thomas Hardy
Kieran Goddard,70,Jude the Obscure,Thomas Hardy
Imogen Russell Williams,71,Kindred,Octavia E Butler
Yael van der Wouden,71,Kindred,Octavia E Butler
Bernardine Evaristo,71,Kindred,Octavia E Butler
Lisa Tuttle,71,Kindred,Octavia E Butler
Shahidha Bari,72,Our Mutual Friend,Charles Dickens
William Boyd,72,Our Mutual Friend,Charles Dickens
Justine Jordan,72,Our Mutual Friend,Charles Dickens
Ian McEwan,72,Our Mutual Friend,Charles Dickens
Nina Allan,73,Austerlitz,WG Sebald
Sarah Waters,73,Austerlitz,WG Sebald
Alex Needham,73,Austerlitz,WG Sebald
Kieran Goddard,73,Austerlitz,WG Sebald
Jon Day,74,Nervous Conditions,Tsitsi Dangarembga
Natasha Walter,74,Nervous Conditions,Tsitsi Dangarembga
Catherine Taylor,74,Nervous Conditions,Tsitsi Dangarembga
Maaza Mengiste,74,Nervous Conditions,Tsitsi Dangarembga
Kate Mosse,75,The Bluest Eye,Toni Morrison
Maya Jaggi,75,The Bluest Eye,Toni Morrison
Jennifer Egan,75,The Bluest Eye,Toni Morrison
Michael Donkor,75,The Bluest Eye,Toni Morrison
Jan Carson,76,Dracula,Bram Stoker
Joshua Cohen,76,Dracula,Bram Stoker
Damian Barr,76,Dracula,Bram Stoker
Doireann Ní Ghríofa,76,Dracula,Bram Stoker
Lara Feigel,77,The Rainbow,DH Lawrence
Catherine Taylor,77,The Rainbow,DH Lawrence
Tessa Hadley,77,The Rainbow,DH Lawrence
Ella Creamer,77,The Rainbow,DH Lawrence
Amit Chaudhuri,78,A House for Mr Biswas,VS Naipaul
Maya Jasanoff,78,A House for Mr Biswas,VS Naipaul
Sukhdev Sandhu,78,A House for Mr Biswas,VS Naipaul
Aida Edemariam,78,A House for Mr Biswas,VS Naipaul
Shahidha Bari,79,Go Tell It on the Mountain,James Baldwin
Derek Owusu,79,Go Tell It on the Mountain,James Baldwin
Nina Stibbe,79,Go Tell It on the Mountain,James Baldwin
Maaza Mengiste,79,Go Tell It on the Mountain,James Baldwin
Jan Carson,80,Rebecca,Daphne du Maurier
Elif Shafak,80,Rebecca,Daphne du Maurier
Lisa Allardice,80,Rebecca,Daphne du Maurier
Doireann Ní Ghríofa,80,Rebecca,Daphne du Maurier
Maya Jasanoff,81,Buddenbrooks,Thomas Mann
Colm Tóibín,81,Buddenbrooks,Thomas Mann
RF Kuang,81,Buddenbrooks,Thomas Mann
Naoise Dolan,81,Buddenbrooks,Thomas Mann
Kit de Waal,82,The End of the Affair,Graham Greene
Sam Leith,82,The End of the Affair,Graham Greene
Jan Carson,82,The End of the Affair,Graham Greene
Sophie Mackintosh,82,The End of the Affair,Graham Greene
Steven Poole,83,A Farewell to Arms,Ernest Hemingway
Christobel Kent,83,A Farewell to Arms,Ernest Hemingway
Yiyun Li,83,A Farewell to Arms,Ernest Hemingway
Ahdaf Soueif,83,A Farewell to Arms,Ernest Hemingway
Nina Allan,84,The Talented Mr Ripley,Patricia Highsmith
Olivia Laing,84,The Talented Mr Ripley,Patricia Highsmith
Joe Dunthorne,84,The Talented Mr Ripley,Patricia Highsmith
Richard Osman,84,The Talented Mr Ripley,Patricia Highsmith
Sayaka Murata,85,The Vegetarian,Han Kang
Sophie Mackintosh,85,The Vegetarian,Han Kang
Tahmima Anam,85,The Vegetarian,Han Kang
Emma Loffhagen,85,The Vegetarian,Han Kang
Julie Myerson,86,The Turn of the Screw,Henry James
Kate Mosse,86,The Turn of the Screw,Henry James
Kathryn Hughes,86,The Turn of the Screw,Henry James
Lisa Tuttle,86,The Turn of the Screw,Henry James
Douglas Stuart,87,The Line of Beauty,Alan Hollinghurst
Philippe Sands,87,The Line of Beauty,Alan Hollinghurst
Alex Needham,87,The Line of Beauty,Alan Hollinghurst
Dorian Lynskey,87,The Line of Beauty,Alan Hollinghurst
Daniel Kehlmann,88,Ragtime,EL Doctorow
Colum McCann,88,Ragtime,EL Doctorow
Joe Dunthorne,88,Ragtime,EL Doctorow
Dorian Lynskey,88,Ragtime,EL Doctorow
Amanda Craig,89,The Left Hand of Darkness,Ursula K Le Guin
Beejay Silcox,89,The Left Hand of Darkness,Ursula K Le Guin
Michael Chabon,89,The Left Hand of Darkness,Ursula K Le Guin
John Lanchester,89,The Left Hand of Darkness,Ursula K Le Guin
M. John Harrison,90,Jacob's Room,Virginia Woolf
Mark Haddon,90,Jacob's Room,Virginia Woolf
Alexandra Harris,90,Jacob's Room,Virginia Woolf
Sarah Bakewell,91,Life and Fate,Vasily Grossman
Philippe Sands,91,Life and Fate,Vasily Grossman
Alex Needham,91,Life and Fate,Vasily Grossman
Christobel Kent,92,Sentimental Education,Gustave Flaubert
Maya Jasanoff,92,Sentimental Education,Gustave Flaubert
Lisa Tuttle,92,Sentimental Education,Gustave Flaubert
John Self,93,Invisible Cities,Italo Calvino
Matt Haig,93,Invisible Cities,Italo Calvino
James Meek,93,Invisible Cities,Italo Calvino
Roxane Gay,94,The Known World,Edward P Jones
Uzma Aslam Khan,94,The Known World,Edward P Jones
Maaza Mengiste,94,The Known World,Edward P Jones
Jude Cook,95,The Return of the Native,Thomas Hardy
Alexandra Harris,95,The Return of the Native,Thomas Hardy
David Shariatmadari,95,The Return of the Native,Thomas Hardy
Yan Lianke,96,Pedro Páramo,Juan Rulfo
Valeria Luiselli,96,Pedro Páramo,Juan Rulfo
Alain Mabanckou,96,Pedro Páramo,Juan Rulfo
Meg Rosoff,97,Catch-22,Joseph Heller
Sian Cain,97,Catch-22,Joseph Heller
Justine Jordan,97,Catch-22,Joseph Heller
Kit de Waal,98,The Road,Cormac McCarthy
Sarah Waters,98,The Road,Cormac McCarthy
Valeria Luiselli,98,The Road,Cormac McCarthy
Clare Clark,99,The Go-Between,LP Hartley
Aida Edemariam,99,The Go-Between,LP Hartley
David Shariatmadari,99,The Go-Between,LP Hartley
Hermione Lee,100,My Ántonia,Willa Cather
Xan Brooks,100,My Ántonia,Willa Cather
Tahmima Anam,100,My Ántonia,Willa Cather
Alexandra Harris,100,My Ántonia,Willa Cather
